topic_id,coherence,vocabulary_coverage
0,0.6952066480349532,1.0
1,0.7296793646347437,1.0
2,0.8737373487902638,1.0
3,0.6806540884903683,1.0
4,0.6957223584040996,1.0
5,0.6143501278937027,1.0
6,0.6171525637424902,1.0
7,0.8225136322777308,1.0
8,0.5891557029983521,1.0
9,0.8739179304778613,1.0
10,0.8027305077809895,1.0
11,0.804117119007544,1.0
12,0.698976263380148,1.0
13,0.5560494273364618,1.0
14,0.5838694189384663,1.0
15,0.6451154125747388,1.0
16,0.7842380160551032,1.0
17,0.614724258122423,1.0
18,0.6329709723761343,1.0
19,0.5160794091681129,1.0
20,0.5598679053700089,1.0
21,0.795766639542901,1.0
22,0.7754426803123146,1.0
23,0.7700314160566282,1.0
24,0.7649907020629244,1.0
25,0.6993308484559149,1.0
26,0.746848397419327,1.0
27,0.7021118337642897,1.0
28,0.7116422920412275,1.0
29,0.8419782568594391,1.0
30,0.8756254339764167,1.0
31,0.5148080308913157,1.0
32,0.6190499687881215,1.0
33,0.47898911238262204,1.0
34,0.6901030936270779,1.0
35,0.8779365852821422,1.0
36,0.8293008009853038,1.0
37,0.7243434604960797,1.0
38,0.7402416947308036,1.0
39,0.6216111132056417,1.0
40,0.7331299657073478,1.0
41,0.6533275096267557,1.0
42,0.48820129982230087,1.0
43,0.6937075219671394,1.0
44,0.5110646730747191,1.0
45,0.7754406492188876,1.0
46,0.6803569876955562,1.0
47,0.6181497909440435,1.0
48,0.7386823497281141,1.0
49,0.8491857165209284,1.0
50,0.5491234526649739,1.0
51,0.8226805403600317,1.0
52,0.7926595417148017,1.0
53,0.6815276029658202,1.0
54,0.87040226331875,1.0
55,0.7586847994067778,1.0
56,0.6651309426012885,1.0
57,0.765778606255005,1.0
58,0.8629929584914459,1.0
59,0.5802577216075397,1.0
60,0.6286322251685279,1.0
61,0.6599919689506419,1.0
62,0.46025452460621513,1.0
63,0.6080353502084019,1.0
64,0.8683623528406217,1.0
65,0.7184797934503732,1.0
66,0.6505781274176148,1.0
67,0.870993350599537,1.0
68,0.9128307050456593,1.0
69,0.8270479636468391,1.0
70,0.6914134311947373,1.0
