run_id,topic_id,keywords,representative_articles,semantic_consistency,label_specificity,notes
n30_c25_s42,0,0_tesla_autopilot_musk_teslas,184365 | 2085405 | 546160,4,4,"Assistant-suggested rating based on top-10 keywords, representative titles, and article excerpts; not an independent human rating. Tesla Autopilot capability and safety. 184365 and 2085405 discuss fatal crashes; 546160 discusses delayed full-self-driving promises. Clear shared technology/company, but mixes safety, product development, and business concerns."
n30_c25_s42,1,1_waymo_waymos_krafcik_selfdriving,546719 | 557996 | 562096,5,4,"Assistant-suggested rating based on top-10 keywords, representative titles, and article excerpts; not an independent human rating. Waymo autonomous ride-hailing deployment. 546719 covers removing the safety driver; 557996 describes daily taxi operations; 562096 reviews the commercial launch. Strong deployment theme; company names dominate some keywords."
n30_c25_s42,2,2_levandowski_uber_waymo_ubers,61037 | 1923146 | 1923479,5,5,"Assistant-suggested rating based on top-10 keywords, representative titles, and article excerpts; not an independent human rating. Uber–Waymo trade-secret litigation. 61037 covers the alleged pre-departure deal; 1923146 and 1923479 cover knowledge of downloaded Google files. Levandowski, secrets, trade, and court identify a specific legal dispute."
n30_c25_s42,3,3_cars_safety_human_vehicles,672266 | 660755 | 150859,4,3,"Assistant-suggested rating based on top-10 keywords, representative titles, and article excerpts; not an independent human rating. Autonomous-vehicle safety and readiness. 672266 covers technical progress and obstacles; 660755 questions deployment timelines; 150859 examines acceptable safety. Related concerns, but generic cars/vehicles/human keywords span several subthemes."
n30_c25_s42,4,4_think_right_yeah_people,94315 | 7959 | 33193,2,1,"Assistant-suggested rating based on top-10 keywords, representative titles, and article excerpts; not an independent human rating. Interview/transcript format cluster. 94315 concerns Crowdpac and politics; 7959 is a broad technology-year roundup; 33193 concerns Y Combinator and AI. Shared conversational style, but heterogeneous subjects and peripheral autonomous-driving content. Think/right/yeah provide no useful substantive topic label."
n15_c25_s42,0,0_tesla_autopilot_musk_teslas,1636592 | 184365 | 2687926,5,4,"Assistant-suggested rating based on top-10 keywords, representative titles, and article excerpts; not an independent human rating. Tesla Autopilot crash safety and oversight. 1636592 addresses the third fatal crash; 184365 discusses crash-related scrutiny; 2687926 reports investigation findings. All sampled articles center on Autopilot safety, though Tesla/Musk/model keywords also permit a broader company interpretation."
n15_c25_s42,1,1_waymo_waymos_krafcik_selfdriving,161335 | 2097674 | 2088286,5,4,"Assistant-suggested rating based on top-10 keywords, representative titles, and article excerpts; not an independent human rating. Waymo driverless-service rollout and fleet expansion. 161335 covers removing safety drivers; 2097674 covers Chrysler fleet purchases; 2088286 covers Jaguar purchases and commercialization. Consistent deployment theme; keywords emphasize the company and vehicles rather than a precise analytical label."
n15_c25_s42,2,2_levandowski_uber_waymo_ubers,1235322 | 1923479 | 1923146,5,5,"Assistant-suggested rating based on top-10 keywords, representative titles, and article excerpts; not an independent human rating. Uber–Waymo intellectual-property dispute. 1235322 profiles the alleged theft and legal battle; 1923479 and 1923146 concern transferred files and Uber knowledge. Long-form background and shorter court reports share the same specific dispute; trade/secrets/court distinguish it."
n15_c25_s42,3,3_cars_safety_human_vehicles,672266 | 660755 | 150859,4,3,"Assistant-suggested rating based on top-10 keywords, representative titles, and article excerpts; not an independent human rating. Autonomous-vehicle safety and readiness. Same sampled articles as n30_c25 topic 3: technical progress (672266), deployment obstacles (660755), and safety thresholds (150859). Coherent broad area, but generic keywords do not isolate one narrow theme."
n15_c25_s42,4,4_think_right_yeah_know,138257 | 7959 | 33193,2,1,"Assistant-suggested rating based on top-10 keywords, representative titles, and article excerpts; not an independent human rating. Interview/transcript format cluster. 138257 discusses PARC research; 7959 is a technology-year roundup; 33193 discusses Y Combinator and AI. Subjects differ and self-driving is only one discussion segment. Think/right/yeah/know indicate speech style rather than a substantive autonomous-driving topic."
n15_c50_s42,0,0_tesla_autopilot_musk_teslas,1636592 | 555506 | 2687926,4,4,"Assistant-suggested rating based on top-10 keywords, representative titles, and article excerpts; not an independent human rating. Tesla Autopilot safety and product promises. 1636592 and 2687926 discuss fatal-crash findings; 555506 discusses a promised full-self-driving software rollout. Clear Tesla/Autopilot focus but broader than a pure crash-safety topic."
n15_c50_s42,1,1_levandowski_uber_waymo_ubers,88657 | 1235322 | 1923479,5,5,"Assistant-suggested rating based on top-10 keywords, representative titles, and article excerpts; not an independent human rating. Uber–Waymo trade-secret litigation. 88657 covers compliance with a court document-production order; 1235322 provides dispute background; 1923479 covers promises not to use Google files. Shared legal/IP theme and distinctive Levandowski/secrets/trade/court keywords."
n15_c50_s42,2,2_waymo_selfdriving_waymos_krafcik,161335 | 546719 | 2088286,5,4,"Assistant-suggested rating based on top-10 keywords, representative titles, and article excerpts; not an independent human rating. Waymo driverless-service commercialization. 161335 and 546719 cover removing safety drivers; 2088286 covers fleet expansion. Strong rollout theme; the two safety-driver reports cover the same milestone, so agreement should not be treated as independent broad-cluster validation."
n15_c50_s42,3,3_think_like_people_right,138257 | 7959 | 167700,2,1,"Assistant-suggested rating based on top-10 keywords, representative titles, and article excerpts; not an independent human rating. Interview/transcript format cluster. 138257 concerns PARC research; 7959 covers broad technology news; 167700 discusses Reid Hoffman, entrepreneurship, and politics. Shared transcript style masks heterogeneous subjects. Think/like/people/right do not name a specific self-driving theme."
n15_c50_s42,4,4_cars_safety_vehicles_selfdriving,172528 | 660755 | 672266,4,3,"Assistant-suggested rating based on top-10 keywords, representative titles, and article excerpts; not an independent human rating. Autonomous-vehicle safety, standards, and readiness. 172528 addresses human takeover and sensor standards; 660755 covers technical obstacles; 672266 surveys technology progress. Related safety/readiness themes, but broad coverage and generic keywords limit specificity."
