publication,-1,0,1,2,3,4,5,6,7,8,9,10,11,12,13,14,15,16,17,18,19,20,21,22,23,24,25,26,27,28,29,30,31,32,33,34,35,36,37,38,39,40,41,42,43,44,45,46,47,48,49,50,51,52,53,54,55,56,57,58,59,60,61,62,63,64,65,66,67,68,69
Axios,67,20,14,37,44,6,2,6,4,2,6,10,13,3,12,10,1,2,1,1,4,2,10,3,1,2,2,3,1,11,1,1,4,0,0,2,0,4,7,2,1,0,4,5,1,3,0,0,1,0,2,2,1,1,1,0,2,3,2,3,2,1,0,1,3,0,0,0,0,0,0
Business Insider,36,24,15,2,7,6,7,2,3,4,8,0,2,5,1,3,6,3,2,1,0,0,0,3,1,0,0,4,0,6,1,1,1,0,5,2,2,4,2,0,1,1,1,0,0,0,3,0,1,11,2,4,0,1,0,0,1,0,0,0,2,0,0,0,0,0,0,0,1,1,1
Buzzfeed News,15,8,6,26,0,0,1,7,1,0,1,1,3,7,1,0,0,0,0,1,2,0,0,0,0,0,3,0,1,0,0,0,0,1,0,0,2,0,0,1,0,1,0,3,0,0,1,0,0,0,0,0,1,0,0,0,0,0,0,0,0,1,0,0,0,0,1,0,2,0,1
CNBC,157,134,57,34,24,28,17,27,37,1,15,12,14,12,8,17,11,19,11,4,9,12,1,8,10,6,3,17,0,10,8,11,17,7,21,8,3,8,11,15,16,5,9,5,3,7,8,4,4,14,5,6,0,3,20,1,4,4,6,4,0,1,0,4,7,0,1,0,3,7,4
CNN,26,16,3,0,5,3,3,2,3,1,2,1,3,0,1,0,3,0,0,1,0,2,0,1,0,0,0,6,0,2,2,1,1,0,1,3,0,1,2,2,5,1,0,0,0,1,1,0,1,0,1,1,2,0,0,0,0,0,0,0,0,0,0,0,1,1,1,0,0,2,1
Economist,21,1,0,2,8,7,3,7,0,0,0,3,0,1,5,7,0,1,1,0,0,1,0,1,0,0,0,0,0,1,0,0,3,0,1,0,0,0,1,2,1,0,2,0,0,0,1,0,0,0,0,0,1,0,0,0,0,0,0,0,2,0,0,0,0,0,0,0,0,0,0
Fox News,6,2,2,0,0,2,0,0,1,0,0,0,1,1,0,0,0,1,0,0,0,0,0,1,1,0,0,0,0,0,0,0,0,1,0,0,0,0,0,0,0,0,0,0,0,0,1,0,0,0,0,0,0,0,0,0,0,0,0,0,0,0,0,0,1,0,1,1,0,0,0
Gizmodo,34,14,17,24,7,7,0,6,9,1,2,1,5,8,9,0,0,1,1,2,2,1,2,0,2,1,5,0,1,3,0,0,2,0,1,3,7,0,2,0,0,0,1,5,2,1,1,2,2,0,5,2,2,0,0,3,0,0,0,2,0,2,0,1,0,0,2,1,0,0,1
Hyperallergic,0,0,0,0,0,1,0,0,0,0,0,0,0,0,0,0,0,0,0,0,0,0,0,0,0,0,0,0,0,0,0,0,0,0,0,0,0,0,0,0,0,0,0,0,0,0,0,0,0,0,0,0,0,0,0,0,0,0,0,0,0,0,0,0,0,0,0,0,0,0,0
Mashable,86,76,49,13,26,6,1,2,28,3,6,2,11,9,3,7,21,4,5,3,11,7,0,10,15,4,7,0,0,1,5,7,5,7,2,6,4,3,1,1,0,9,1,3,9,5,4,8,2,0,8,2,2,8,0,2,1,5,3,3,1,4,0,3,1,0,4,4,3,0,2
New Republic,1,0,0,0,1,3,0,0,0,0,0,0,0,0,1,0,0,0,0,0,0,0,0,0,0,0,0,0,0,0,0,0,0,0,0,0,0,0,0,0,0,0,0,0,0,0,0,0,1,0,0,0,0,0,0,0,0,0,0,0,0,0,0,0,0,0,0,0,0,0,0
New Yorker,1,0,0,1,0,4,0,3,0,0,0,0,0,0,0,0,0,0,0,0,0,0,0,0,0,0,0,0,0,0,0,0,0,0,0,0,0,0,0,0,0,0,0,0,0,0,0,0,0,0,0,0,0,0,0,0,0,0,0,0,0,0,0,0,0,0,0,0,0,0,0
People,0,0,0,0,1,0,0,0,0,0,0,0,0,1,0,0,0,0,0,0,0,0,0,0,0,0,0,0,0,0,0,0,0,0,0,0,1,0,0,0,0,0,0,0,0,1,0,0,1,0,0,0,0,0,0,0,0,0,0,0,0,0,0,0,0,0,0,0,0,0,1
Politico,2,0,0,0,0,0,0,1,0,0,0,0,0,1,0,0,0,0,0,3,0,0,1,0,0,0,0,0,0,0,0,0,0,0,0,0,0,0,0,0,0,0,0,0,0,0,0,0,0,0,0,0,0,0,0,0,0,0,0,0,0,0,0,0,0,1,0,0,0,0,0
Refinery 29,0,0,0,0,0,0,0,1,0,0,0,0,0,2,0,0,0,0,0,0,0,0,0,0,0,0,0,0,0,0,0,0,0,0,0,0,1,0,0,0,0,0,0,0,0,0,0,0,0,0,0,0,0,0,0,0,0,0,0,0,0,0,0,0,0,0,0,0,0,0,0
Reuters,146,39,42,37,8,1,17,12,13,1,24,21,12,6,3,11,6,20,29,30,6,38,25,8,15,18,8,29,0,3,15,21,9,6,4,1,1,5,8,8,7,7,11,5,7,8,5,13,7,0,0,5,0,2,5,8,5,0,5,5,1,5,0,7,4,0,2,2,5,13,4
TechCrunch,217,50,86,39,39,36,27,14,21,64,27,43,22,15,21,33,11,31,22,5,20,14,1,23,13,29,15,4,0,11,21,14,4,11,3,12,5,13,4,4,6,8,10,1,8,7,3,5,5,11,1,8,5,7,5,6,16,9,6,4,10,5,0,4,4,0,4,4,3,3,2
The Hill,51,7,10,6,39,5,0,7,5,0,0,0,2,2,6,0,0,0,2,20,5,0,30,1,0,0,5,0,60,1,1,0,0,1,1,0,4,0,2,1,0,0,0,1,0,0,3,0,3,0,0,1,0,1,0,5,0,0,0,5,0,4,30,1,1,24,1,0,1,0,1
The New York Times,88,28,19,30,32,30,91,20,5,1,7,4,2,10,6,5,5,7,1,4,5,2,1,2,5,0,3,3,1,5,0,0,6,3,4,7,1,2,1,5,8,0,4,6,0,1,0,1,1,0,4,0,3,0,0,2,1,5,2,1,3,2,0,0,1,0,2,0,1,0,2
The Verge,138,75,78,26,16,15,2,20,23,4,18,9,19,15,10,5,35,10,14,13,17,12,8,13,13,15,11,6,1,3,9,6,4,12,4,2,8,7,5,3,1,8,1,4,10,6,5,5,6,0,4,3,3,9,2,5,1,2,5,2,7,2,0,6,3,1,6,12,5,0,2
Vice,33,7,1,2,16,11,1,6,1,0,0,1,1,6,9,2,0,0,1,0,1,0,0,0,0,0,1,0,0,3,0,0,0,0,1,1,2,0,2,0,0,2,0,0,1,2,0,0,1,0,1,0,9,0,0,0,0,1,0,0,2,0,0,0,0,0,0,2,0,0,0
Vice News,2,1,2,2,0,0,0,7,0,0,0,0,0,2,0,1,0,0,0,0,0,0,0,0,0,0,1,0,0,0,0,0,0,1,0,1,0,0,0,0,0,0,0,1,0,0,1,0,3,0,0,0,0,0,1,0,0,0,0,0,0,1,0,0,0,0,0,0,0,0,0
Vox,81,23,30,44,22,61,50,19,6,0,7,3,6,10,8,5,2,7,3,4,8,1,6,2,0,0,7,0,2,4,1,0,4,8,6,3,7,3,2,3,1,5,0,5,2,0,2,1,1,0,1,0,4,0,0,0,2,1,3,3,2,3,0,1,1,0,1,0,2,0,1
Washington Post,2,1,1,0,0,0,0,0,1,0,0,0,1,0,0,0,0,0,0,0,0,0,0,0,0,0,0,0,3,0,0,0,0,0,0,0,1,0,0,0,0,0,0,0,0,0,0,0,0,0,0,0,0,0,0,0,0,0,0,0,0,0,0,0,0,0,0,0,0,0,0
Wired,46,16,9,14,20,11,2,4,0,55,3,10,2,2,4,2,7,1,2,2,2,0,0,4,0,0,2,0,0,2,0,1,0,1,0,3,2,0,0,0,0,0,1,1,0,0,3,2,0,0,1,1,1,2,0,1,0,2,0,0,0,0,0,2,0,0,1,0,0,0,2
