topic_id,rank,term,weight,representation
-1,1,cars,0.0100420950402606,c_tf_idf
-1,2,autonomous,0.0090070095549123,c_tf_idf
-1,3,car,0.008806538532485,c_tf_idf
-1,4,selfdriving,0.0085431991375594,c_tf_idf
-1,5,vehicles,0.0085127025607478,c_tf_idf
-1,6,said,0.0080774007737676,c_tf_idf
-1,7,technology,0.0076526748433309,c_tf_idf
-1,8,new,0.0072049044729941,c_tf_idf
-1,9,like,0.0071987711742058,c_tf_idf
-1,10,vehicle,0.0069233028533126,c_tf_idf
0,1,tesla,0.050138043127672,c_tf_idf
0,2,autopilot,0.0355165494334093,c_tf_idf
0,3,musk,0.0298134274606334,c_tf_idf
0,4,teslas,0.0238832940026052,c_tf_idf
0,5,model,0.0184971355127357,c_tf_idf
0,6,driver,0.0138059509829585,c_tf_idf
0,7,crash,0.0120731042426701,c_tf_idf
0,8,said,0.0120429628962707,c_tf_idf
0,9,car,0.0109351416508324,c_tf_idf
0,10,elon,0.0106936284272997,c_tf_idf
1,1,waymo,0.0481881472753954,c_tf_idf
1,2,waymos,0.019719485515686,c_tf_idf
1,3,krafcik,0.0186694788801552,c_tf_idf
1,4,selfdriving,0.0184768719339893,c_tf_idf
1,5,phoenix,0.0174533965650524,c_tf_idf
1,6,chrysler,0.0147417261762522,c_tf_idf
1,7,google,0.014551493589372,c_tf_idf
1,8,minivans,0.0144998097157011,c_tf_idf
1,9,service,0.0140424435765401,c_tf_idf
1,10,company,0.0130614461796369,c_tf_idf
2,1,levandowski,0.0515844881167534,c_tf_idf
2,2,uber,0.0400244522910865,c_tf_idf
2,3,waymo,0.0335424085827616,c_tf_idf
2,4,ubers,0.0215587446252126,c_tf_idf
2,5,secrets,0.0209466582482004,c_tf_idf
2,6,waymos,0.0208730209318797,c_tf_idf
2,7,trade,0.0197789762313326,c_tf_idf
2,8,otto,0.0192099381310926,c_tf_idf
2,9,kalanick,0.0188169097844804,c_tf_idf
2,10,court,0.0187945722016821,c_tf_idf
3,1,cars,0.015320866934331,c_tf_idf
3,2,safety,0.0138098625365394,c_tf_idf
3,3,human,0.0124087637796657,c_tf_idf
3,4,vehicles,0.0122692438794895,c_tf_idf
3,5,car,0.0119719768008193,c_tf_idf
3,6,selfdriving,0.0118109829827121,c_tf_idf
3,7,autonomous,0.0110423441693018,c_tf_idf
3,8,driving,0.0105947528791836,c_tf_idf
3,9,road,0.0102079176816477,c_tf_idf
3,10,drivers,0.0100761779418216,c_tf_idf
4,1,think,0.0232214265578233,c_tf_idf
4,2,right,0.0160341529038301,c_tf_idf
4,3,yeah,0.0157834643223497,c_tf_idf
4,4,know,0.0154846686673895,c_tf_idf
4,5,people,0.0152768778150091,c_tf_idf
4,6,going,0.0148385282818933,c_tf_idf
4,7,like,0.0145018370293533,c_tf_idf
4,8,dont,0.013959407902475,c_tf_idf
4,9,just,0.0135577493939524,c_tf_idf
4,10,thats,0.0133682247876525,c_tf_idf
5,1,nyt,0.010803134482671,c_tf_idf
5,2,mr,0.0106716064548005,c_tf_idf
5,3,facebook,0.0098893619306883,c_tf_idf
5,4,trump,0.0095990268479182,c_tf_idf
5,5,new,0.0094044729319737,c_tf_idf
5,6,percent,0.0093598311424937,c_tf_idf
5,7,farhad,0.0090928090930963,c_tf_idf
5,8,news,0.0085563650941068,c_tf_idf
5,9,mike,0.0085491009377183,c_tf_idf
5,10,week,0.0078636903514901,c_tf_idf
6,1,uber,0.0370438318595895,c_tf_idf
6,2,ubers,0.0241493707074312,c_tf_idf
6,3,kalanick,0.0214735686692682,c_tf_idf
6,4,drivers,0.0173568814462878,c_tf_idf
6,5,company,0.0171848443246362,c_tf_idf
6,6,khosrowshahi,0.0162020563093767,c_tf_idf
6,7,investors,0.0104094793902165,c_tf_idf
6,8,billion,0.0097116402996922,c_tf_idf
6,9,employees,0.0093853039232033,c_tf_idf
6,10,board,0.0088926818611038,c_tf_idf
7,1,apple,0.0969205114599418,c_tf_idf
7,2,apples,0.0450468575547972,c_tf_idf
7,3,project,0.0272103308589165,c_tf_idf
7,4,titan,0.0219872297995395,c_tf_idf
7,5,car,0.0184624463493754,c_tf_idf
7,6,cook,0.017299663934266,c_tf_idf
7,7,iphone,0.0153915482127753,c_tf_idf
7,8,selfdriving,0.0138758503988532,c_tf_idf
7,9,company,0.0129555930350152,c_tf_idf
7,10,autonomous,0.0123563268093183,c_tf_idf
8,1,pm,0.0156075544573095,c_tf_idf
8,2,scooters,0.0155842330885533,c_tf_idf
8,3,mobility,0.015506288813247,c_tf_idf
8,4,week,0.0133222420794019,c_tf_idf
8,5,electric,0.0110809237360648,c_tf_idf
8,6,robotics,0.0109697246844797,c_tf_idf
8,7,scooter,0.0105603928889291,c_tf_idf
8,8,transportation,0.0105033528596615,c_tf_idf
8,9,iframe,0.0102773653420337,c_tf_idf
8,10,new,0.0098486742341631,c_tf_idf
9,1,cruise,0.0671073035115782,c_tf_idf
9,2,gm,0.0439166701854702,c_tf_idf
9,3,ammann,0.0335934575785154,c_tf_idf
9,4,vogt,0.0333300623711065,c_tf_idf
9,5,cruises,0.02067543931576,c_tf_idf
9,6,gms,0.0202489473241985,c_tf_idf
9,7,san,0.0183736103517,c_tf_idf
9,8,francisco,0.0179795617137882,c_tf_idf
9,9,vehicle,0.0146347832682929,c_tf_idf
9,10,vehicles,0.0142936971561526,c_tf_idf
10,1,lidar,0.0642902968870334,c_tf_idf
10,2,sensors,0.0255989886946327,c_tf_idf
10,3,luminar,0.022178890579218,c_tf_idf
10,4,sensor,0.0202763260974058,c_tf_idf
10,5,radar,0.0174552913158567,c_tf_idf
10,6,russell,0.0166173679853711,c_tf_idf
10,7,velodyne,0.0165543492234432,c_tf_idf
10,8,laser,0.0145824101432677,c_tf_idf
10,9,light,0.0145447124873097,c_tf_idf
10,10,objects,0.0130051823603763,c_tf_idf
11,1,ford,0.0649513817636569,c_tf_idf
11,2,argo,0.0272509379831348,c_tf_idf
11,3,fords,0.0261506529959289,c_tf_idf
11,4,autonomous,0.0182147705840309,c_tf_idf
11,5,vehicles,0.0166800119419113,c_tf_idf
11,6,selfdriving,0.0163287963589447,c_tf_idf
11,7,vehicle,0.0156458713169586,c_tf_idf
11,8,2021,0.0132055924425702,c_tf_idf
11,9,salesky,0.0127823595321294,c_tf_idf
11,10,fields,0.0125491167097455,c_tf_idf
12,1,pittsburgh,0.0369935876600972,c_tf_idf
12,2,uber,0.033430124930956,c_tf_idf
12,3,ubers,0.0237148921320775,c_tf_idf
12,4,selfdriving,0.0174676080208137,c_tf_idf
12,5,peduto,0.0174023467624137,c_tf_idf
12,6,cars,0.0140118782427332,c_tf_idf
12,7,car,0.0120537934989431,c_tf_idf
12,8,company,0.0117070623821297,c_tf_idf
12,9,city,0.0116799995147192,c_tf_idf
12,10,autonomous,0.0110197268853851,c_tf_idf
13,1,cities,0.0330953904161991,c_tf_idf
13,2,parking,0.0294796064960895,c_tf_idf
13,3,city,0.023252835609779,c_tf_idf
13,4,transportation,0.0172700186600863,c_tf_idf
13,5,urban,0.0150688795995376,c_tf_idf
13,6,transit,0.015034159039527,c_tf_idf
13,7,cars,0.0125360290421522,c_tf_idf
13,8,people,0.011759767790892,c_tf_idf
13,9,congestion,0.0115868979706277,c_tf_idf
13,10,space,0.0112903914677789,c_tf_idf
14,1,companies,0.015968073675969,c_tf_idf
14,2,car,0.0154160909277875,c_tf_idf
14,3,autonomous,0.0134525032034591,c_tf_idf
14,4,vehicles,0.0128602089851806,c_tf_idf
14,5,cars,0.0123145289878437,c_tf_idf
14,6,services,0.0106637197074197,c_tf_idf
14,7,startups,0.0105193110649821,c_tf_idf
14,8,mobility,0.0101647676230395,c_tf_idf
14,9,selfdriving,0.0094133464767465,c_tf_idf
14,10,technology,0.0086203877183607,c_tf_idf
15,1,car,0.0222840685716962,c_tf_idf
15,2,concept,0.014405822982829,c_tf_idf
15,3,electric,0.0118787432256283,c_tf_idf
15,4,ces,0.011843146847218,c_tf_idf
15,5,cars,0.0117194902314189,c_tf_idf
15,6,design,0.0113362288622004,c_tf_idf
15,7,like,0.0111776054645093,c_tf_idf
15,8,future,0.0110978453543693,c_tf_idf
15,9,vehicle,0.0092829431537966,c_tf_idf
15,10,ff,0.0092210993643452,c_tf_idf
16,1,mobileye,0.0662262013923707,c_tf_idf
16,2,intel,0.0530780495814146,c_tf_idf
16,3,delphi,0.0334070958201109,c_tf_idf
16,4,mobileyes,0.0224588730649597,c_tf_idf
16,5,shashua,0.0198453217466689,c_tf_idf
16,6,intels,0.0196763735810779,c_tf_idf
16,7,chips,0.0149858661554011,c_tf_idf
16,8,systems,0.0149707302456175,c_tf_idf
16,9,driving,0.0147411880874695,c_tf_idf
16,10,autonomous,0.0146914755752735,c_tf_idf
17,1,toyota,0.0627329680478805,c_tf_idf
17,2,ponyai,0.01819137949417,c_tf_idf
17,3,toyotas,0.0175950681364042,c_tf_idf
17,4,autonomous,0.0156892341441845,c_tf_idf
17,5,tokyo,0.0155661392877664,c_tf_idf
17,6,driving,0.0147520984402209,c_tf_idf
17,7,research,0.0139546887728962,c_tf_idf
17,8,japanese,0.0136892959037531,c_tf_idf
17,9,vehicle,0.0136269560496061,c_tf_idf
17,10,cars,0.0130097793973048,c_tf_idf
18,1,guidelines,0.0331061772087928,c_tf_idf
18,2,safety,0.0311400382444613,c_tf_idf
18,3,nhtsa,0.0296137306557636,c_tf_idf
18,4,foxx,0.0227935880913954,c_tf_idf
18,5,federal,0.0226569371494398,c_tf_idf
18,6,administration,0.022318078809572,c_tf_idf
18,7,vehicles,0.0197888167079304,c_tf_idf
18,8,guidance,0.0175035443943927,c_tf_idf
18,9,rules,0.0172075349275192,c_tf_idf
18,10,chao,0.0167405354660407,c_tf_idf
19,1,lyft,0.0675822992236715,c_tf_idf
19,2,lyfts,0.03589479580748,c_tf_idf
19,3,nutonomy,0.0194149513914307,c_tf_idf
19,4,zimmer,0.0188556377073536,c_tf_idf
19,5,selfdriving,0.0184986525630974,c_tf_idf
19,6,autonomous,0.0171432698315665,c_tf_idf
19,7,cars,0.0146468805164408,c_tf_idf
19,8,network,0.0145687979979664,c_tf_idf
19,9,vehicles,0.0129625045141614,c_tf_idf
19,10,partners,0.0125993471228091,c_tf_idf
20,1,daimler,0.0596180891095489,c_tf_idf
20,2,bosch,0.0326887054351475,c_tf_idf
20,3,bmw,0.0324797712294297,c_tf_idf
20,4,mercedesbenz,0.0237821995369988,c_tf_idf
20,5,german,0.0216556080725941,c_tf_idf
20,6,cars,0.016022794514781,c_tf_idf
20,7,mercedes,0.015697618204971,c_tf_idf
20,8,said,0.0152027664261958,c_tf_idf
20,9,carmakers,0.0145211434613586,c_tf_idf
20,10,parking,0.0144134687554708,c_tf_idf
21,1,legislation,0.0325752150214737,c_tf_idf
21,2,senate,0.0299122766007323,c_tf_idf
21,3,safety,0.0257909431588261,c_tf_idf
21,4,house,0.0238530443204884,c_tf_idf
21,5,congress,0.0234903368550309,c_tf_idf
21,6,committee,0.0232694574469064,c_tf_idf
21,7,commerce,0.0203927657474056,c_tf_idf
21,8,federal,0.020162944397544,c_tf_idf
21,9,lawmakers,0.0188206420609564,c_tf_idf
21,10,vehicles,0.0175082528398948,c_tf_idf
22,1,nuro,0.0592097918227551,c_tf_idf
22,2,delivery,0.0591273646725147,c_tf_idf
22,3,grocery,0.0316397567635897,c_tf_idf
22,4,kroger,0.0289017018788238,c_tf_idf
22,5,groceries,0.0259401709186571,c_tf_idf
22,6,ferguson,0.0250021516396381,c_tf_idf
22,7,nuros,0.0241637377784933,c_tf_idf
22,8,walmart,0.0183083176551044,c_tf_idf
22,9,deliveries,0.0174675302437575,c_tf_idf
22,10,r2,0.0172367471477179,c_tf_idf
23,1,optimus,0.026434395666326,c_tf_idf
23,2,bus,0.0228882640539685,c_tf_idf
23,3,uk,0.02081909094003,c_tf_idf
23,4,london,0.020723540716029,c_tf_idf
23,5,driverless,0.0189185512507135,c_tf_idf
23,6,trials,0.0187058676843115,c_tf_idf
23,7,autonomous,0.0182564219853816,c_tf_idf
23,8,vehicles,0.017546449466401,c_tf_idf
23,9,yard,0.0164215867357354,c_tf_idf
23,10,public,0.0158205187723584,c_tf_idf
24,1,nvidia,0.0953490736689731,c_tf_idf
24,2,nvidias,0.0568259456437391,c_tf_idf
24,3,px,0.0316447373119449,c_tf_idf
24,4,drive,0.030626587917243,c_tf_idf
24,5,huang,0.0263757251160345,c_tf_idf
24,6,platform,0.0236393015613351,c_tf_idf
24,7,volvo,0.020904715752252,c_tf_idf
24,8,xavier,0.0200624230285444,c_tf_idf
24,9,pegasus,0.0188019469108393,c_tf_idf
24,10,autonomous,0.0167984154096444,c_tf_idf
25,1,dmv,0.0592217119171806,c_tf_idf
25,2,permit,0.0575444746808531,c_tf_idf
25,3,uber,0.0447036199441508,c_tf_idf
25,4,california,0.0439686102221105,c_tf_idf
25,5,francisco,0.0290622949507266,c_tf_idf
25,6,san,0.0286882098257464,c_tf_idf
25,7,ubers,0.0258903346633712,c_tf_idf
25,8,selfdriving,0.0250413338256739,c_tf_idf
25,9,testing,0.0217164370332641,c_tf_idf
25,10,cars,0.0203898695267274,c_tf_idf
26,1,vw,0.0700725298569844,c_tf_idf
26,2,ford,0.0490737008128642,c_tf_idf
26,3,volkswagen,0.0415449754160831,c_tf_idf
26,4,electric,0.030286599796371,c_tf_idf
26,5,argo,0.0278822219734579,c_tf_idf
26,6,alliance,0.0249364185412207,c_tf_idf
26,7,diess,0.0234864865449075,c_tf_idf
26,8,billion,0.020644383063227,c_tf_idf
26,9,vehicles,0.0191622896497265,c_tf_idf
26,10,vws,0.0179044941302851,c_tf_idf
27,1,trump,0.0216496911648833,c_tf_idf
27,2,house,0.0211319745456447,c_tf_idf
27,3,read,0.0172306511955215,c_tf_idf
27,4,committee,0.0171369227213789,c_tf_idf
27,5,senate,0.0171206580769008,c_tf_idf
27,6,lawmakers,0.0165526697856607,c_tf_idf
27,7,facebook,0.0164852781947748,c_tf_idf
27,8,hill,0.0146723380626852,c_tf_idf
27,9,fcc,0.0137189312020442,c_tf_idf
27,10,democrats,0.0132667240577757,c_tf_idf
28,1,trucks,0.0491870335173828,c_tf_idf
28,2,truck,0.0421343776927677,c_tf_idf
28,3,trucking,0.0329637124969808,c_tf_idf
28,4,drivers,0.0254799221658436,c_tf_idf
28,5,embark,0.0208198856801387,c_tf_idf
28,6,jobs,0.019694600044618,c_tf_idf
28,7,truckers,0.0173337111905276,c_tf_idf
28,8,driver,0.0133312423365011,c_tf_idf
28,9,starsky,0.012625069736602,c_tf_idf
28,10,freight,0.0125037575049992,c_tf_idf
29,1,baidu,0.114294767734375,c_tf_idf
29,2,apollo,0.0601301865900395,c_tf_idf
29,3,baidus,0.0405298730825547,c_tf_idf
29,4,chinese,0.0270686438304536,c_tf_idf
29,5,platform,0.0245881206674747,c_tf_idf
29,6,autonomous,0.0240460413216196,c_tf_idf
29,7,beijing,0.0234711862591492,c_tf_idf
29,8,china,0.0205087856560983,c_tf_idf
29,9,driving,0.020439498974215,c_tf_idf
29,10,li,0.0199827914006797,c_tf_idf
30,1,hyundai,0.0658285223448498,c_tf_idf
30,2,yandex,0.0558816798703791,c_tf_idf
30,3,samsung,0.0361883982804895,c_tf_idf
30,4,south,0.027199686958602,c_tf_idf
30,5,aptiv,0.0227276621680309,c_tf_idf
30,6,korean,0.0185685339948281,c_tf_idf
30,7,autonomous,0.0172586371891154,c_tf_idf
30,8,selfdriving,0.0165837838961308,c_tf_idf
30,9,moscow,0.0158649346345116,c_tf_idf
30,10,korea,0.0157389209209646,c_tf_idf
31,1,lyft,0.0803380750207138,c_tf_idf
31,2,lyfts,0.0345037932317455,c_tf_idf
31,3,ipo,0.0307835484959755,c_tf_idf
31,4,uber,0.0250625676576627,c_tf_idf
31,5,million,0.0179465042549316,c_tf_idf
31,6,billion,0.0174912819322154,c_tf_idf
31,7,investors,0.0157430080683193,c_tf_idf
31,8,company,0.0150185996381901,c_tf_idf
31,9,ridehailing,0.0141972182712356,c_tf_idf
31,10,public,0.0141015177613988,c_tf_idf
32,1,otto,0.0485328457072403,c_tf_idf
32,2,trucks,0.0479223420122628,c_tf_idf
32,3,truck,0.0451879481127191,c_tf_idf
32,4,freight,0.0407222515355376,c_tf_idf
32,5,trucking,0.0392595058029884,c_tf_idf
32,6,uber,0.0297036766320595,c_tf_idf
32,7,selfdriving,0.0207204154733113,c_tf_idf
32,8,ron,0.0204390574414512,c_tf_idf
32,9,ottos,0.0173777062701814,c_tf_idf
32,10,convoy,0.0172634982706373,c_tf_idf
33,1,google,0.0419312149653006,c_tf_idf
33,2,alphabet,0.0407459615857407,c_tf_idf
33,3,revenue,0.0264395712278917,c_tf_idf
33,4,growth,0.0214470404482675,c_tf_idf
33,5,bets,0.0210509746374562,c_tf_idf
33,6,page,0.0207855897454225,c_tf_idf
33,7,alphabets,0.0193849009954641,c_tf_idf
33,8,pichai,0.0187697664285334,c_tf_idf
33,9,googles,0.0186718245957788,c_tf_idf
33,10,youtube,0.0178697157543455,c_tf_idf
34,1,flying,0.0444875690198163,c_tf_idf
34,2,aircraft,0.0216147733401943,c_tf_idf
34,3,air,0.019975040047638,c_tf_idf
34,4,flight,0.0195645242076774,c_tf_idf
34,5,dubai,0.017112378939121,c_tf_idf
34,6,travel,0.0153351167760114,c_tf_idf
34,7,kitty,0.0150815784099515,c_tf_idf
34,8,drone,0.0140170626963631,c_tf_idf
34,9,fly,0.0138772427217978,c_tf_idf
34,10,hawk,0.0137050293425493,c_tf_idf
35,1,bus,0.0497996044276444,c_tf_idf
35,2,google,0.0419595942699704,c_tf_idf
35,3,googles,0.0380896292316998,c_tf_idf
35,4,car,0.0291374352876234,c_tf_idf
35,5,cars,0.0213781027110686,c_tf_idf
35,6,accident,0.0194232684524623,c_tf_idf
35,7,lane,0.0178118460121099,c_tf_idf
35,8,selfdriving,0.0171758678522899,c_tf_idf
35,9,patent,0.0170122611818192,c_tf_idf
35,10,human,0.0157971088006621,c_tf_idf
36,1,aurora,0.0901807005942911,c_tf_idf
36,2,urmson,0.0479108622979004,c_tf_idf
36,3,auroras,0.0305286974232361,c_tf_idf
36,4,fca,0.0221703300438328,c_tf_idf
36,5,fiat,0.0199024739468612,c_tf_idf
36,6,chrysler,0.0196513882425697,c_tf_idf
36,7,selfdriving,0.0190292738628541,c_tf_idf
36,8,hyundai,0.0169698093234737,c_tf_idf
36,9,volkswagen,0.0169271241480165,c_tf_idf
36,10,amazon,0.01568232396862,c_tf_idf
37,1,electric,0.0300004957554904,c_tf_idf
37,2,oil,0.022120764543472,c_tf_idf
37,3,charging,0.0202068908582631,c_tf_idf
37,4,vehicles,0.0172442968783,c_tf_idf
37,5,sales,0.015949411422469,c_tf_idf
37,6,auto,0.014446937362035,c_tf_idf
37,7,automakers,0.0143002502035266,c_tf_idf
37,8,industry,0.0132676383584147,c_tf_idf
37,9,evs,0.0126743749965574,c_tf_idf
37,10,cars,0.0123904014939134,c_tf_idf
38,1,ford,0.0800941927826208,c_tf_idf
38,2,hackett,0.0449265534194029,c_tf_idf
38,3,fords,0.0437363344240091,c_tf_idf
38,4,fields,0.0364384957060372,c_tf_idf
38,5,mr,0.0148320224179905,c_tf_idf
38,6,jim,0.0142002704917132,c_tf_idf
38,7,mobility,0.0131170025761911,c_tf_idf
38,8,company,0.0128047970769149,c_tf_idf
38,9,business,0.0127614560459298,c_tf_idf
38,10,said,0.0125401865410225,c_tf_idf
39,1,gm,0.0805100533298242,c_tf_idf
39,2,barra,0.0352829952824117,c_tf_idf
39,3,gms,0.0323771022201295,c_tf_idf
39,4,electric,0.0222962994799652,c_tf_idf
39,5,plant,0.0213378548675682,c_tf_idf
39,6,plants,0.0161564307918254,c_tf_idf
39,7,said,0.0152832814654798,c_tf_idf
39,8,motors,0.0134885747709281,c_tf_idf
39,9,workers,0.0125768825089691,c_tf_idf
39,10,lordstown,0.0122055217469352,c_tf_idf
40,1,singapore,0.1038430607382806,c_tf_idf
40,2,nutonomy,0.0823970405466229,c_tf_idf
40,3,grab,0.0423739017786707,c_tf_idf
40,4,singapores,0.0244663602684129,c_tf_idf
40,5,nutonomys,0.0205353301454281,c_tf_idf
40,6,selfdriving,0.0190972588070618,c_tf_idf
40,7,trial,0.016328595191053,c_tf_idf
40,8,iagnemma,0.0162083042399288,c_tf_idf
40,9,cars,0.0159475868568847,c_tf_idf
40,10,autonomous,0.0159114435738631,c_tf_idf
41,1,china,0.0462434321446773,c_tf_idf
41,2,chinese,0.0408390650817808,c_tf_idf
41,3,chinas,0.0238646871887361,c_tf_idf
41,4,beijing,0.0180696155917377,c_tf_idf
41,5,baidu,0.0160178282409925,c_tf_idf
41,6,cars,0.0133104648036021,c_tf_idf
41,7,autonomous,0.0124632621645592,c_tf_idf
41,8,tencent,0.0119005710240895,c_tf_idf
41,9,momenta,0.0115917212810299,c_tf_idf
41,10,electric,0.0114573886892096,c_tf_idf
42,1,jacobs,0.0930097690148526,c_tf_idf
42,2,letter,0.0639186059188425,c_tf_idf
42,3,uber,0.0437356602886661,c_tf_idf
42,4,ubers,0.0268613937297915,c_tf_idf
42,5,padilla,0.0225661002407892,c_tf_idf
42,6,secrets,0.0211004253380276,c_tf_idf
42,7,waymo,0.0207627723420913,c_tf_idf
42,8,security,0.0202261053804571,c_tf_idf
42,9,judge,0.0200584072136444,c_tf_idf
42,10,claims,0.0198881703044749,c_tf_idf
43,1,audi,0.0459425789849711,c_tf_idf
43,2,nissan,0.0407123755853041,c_tf_idf
43,3,level,0.0295373995918566,c_tf_idf
43,4,propilot,0.0292179183701233,c_tf_idf
43,5,driving,0.0261717701887439,c_tf_idf
43,6,a8,0.0221722061792452,c_tf_idf
43,7,audis,0.0213268518479683,c_tf_idf
43,8,car,0.0191162331317067,c_tf_idf
43,9,nissans,0.0178553945595198,c_tf_idf
43,10,autonomous,0.017085219432095,c_tf_idf
44,1,delivery,0.0673814433029109,c_tf_idf
44,2,pizza,0.0639846479731219,c_tf_idf
44,3,dominos,0.0638522638676718,c_tf_idf
44,4,ford,0.0511882141217707,c_tf_idf
44,5,postmates,0.0342141419817229,c_tf_idf
44,6,digit,0.034046306600814,c_tf_idf
44,7,fords,0.0219494373544503,c_tf_idf
44,8,customers,0.0202452270032876,c_tf_idf
44,9,vehicle,0.0200543650551847,c_tf_idf
44,10,marakby,0.018914788945353,c_tf_idf
45,1,ntsb,0.0601840704303907,c_tf_idf
45,2,crash,0.054569640234967,c_tf_idf
45,3,safety,0.044102256597938,c_tf_idf
45,4,herzberg,0.0331815623568842,c_tf_idf
45,5,uber,0.0300604041154315,c_tf_idf
45,6,vehicle,0.0266895353920537,c_tf_idf
45,7,report,0.0234528508861259,c_tf_idf
45,8,operator,0.0229507272005601,c_tf_idf
45,9,braking,0.0219768309151602,c_tf_idf
45,10,emergency,0.0216389213190291,c_tf_idf
46,1,volvo,0.0817893281457192,c_tf_idf
46,2,volvos,0.0256701065029159,c_tf_idf
46,3,360c,0.0250158793020191,c_tf_idf
46,4,samuelsson,0.021440863835569,c_tf_idf
46,5,swedish,0.0202168096646443,c_tf_idf
46,6,cars,0.0192184394769348,c_tf_idf
46,7,autonomous,0.0191884279734605,c_tf_idf
46,8,veoneer,0.0173186941563168,c_tf_idf
46,9,driving,0.0165278269058418,c_tf_idf
46,10,car,0.0157373303181235,c_tf_idf
47,1,tempe,0.059076165162321,c_tf_idf
47,2,police,0.0406325577499871,c_tf_idf
47,3,herzberg,0.0344655072794664,c_tf_idf
47,4,uber,0.0306736611900141,c_tf_idf
47,5,arizona,0.030227096841208,c_tf_idf
47,6,incident,0.0275927137482421,c_tf_idf
47,7,accident,0.0267396770491144,c_tf_idf
47,8,crash,0.0252483764822276,c_tf_idf
47,9,vehicle,0.0216187895679699,c_tf_idf
47,10,pedestrian,0.0214000763419221,c_tf_idf
48,1,million,0.0146459070855431,c_tf_idf
48,2,startups,0.0133095952266253,c_tf_idf
48,3,rank,0.0130744353924881,c_tf_idf
48,4,startup,0.0129251996401452,c_tf_idf
48,5,raised,0.0123429512228887,c_tf_idf
48,6,company,0.0117491335255144,c_tf_idf
48,7,linkedin,0.0103045969739108,c_tf_idf
48,8,billion,0.0098241001960156,c_tf_idf
48,9,mobile,0.0097592630858335,c_tf_idf
48,10,ar,0.0094300572223275,c_tf_idf
49,1,ces,0.0471397554593204,c_tf_idf
49,2,vr,0.0199599620385809,c_tf_idf
49,3,devices,0.0196667357605793,c_tf_idf
49,4,year,0.0190466795979809,c_tf_idf
49,5,smart,0.0173087436248952,c_tf_idf
49,6,home,0.0143011181062065,c_tf_idf
49,7,google,0.0142409732145381,c_tf_idf
49,8,new,0.0141611360192504,c_tf_idf
49,9,products,0.0140367888575083,c_tf_idf
49,10,android,0.0136157321379974,c_tf_idf
50,1,tusimple,0.1066822943224514,c_tf_idf
50,2,ups,0.0922643512190884,c_tf_idf
50,3,trucks,0.0397247263465403,c_tf_idf
50,4,usps,0.0265792059239642,c_tf_idf
50,5,mail,0.0236513000566178,c_tf_idf
50,6,truck,0.0232918539697539,c_tf_idf
50,7,postal,0.0227229738225071,c_tf_idf
50,8,delivery,0.0214478684277598,c_tf_idf
50,9,tusimples,0.0188549068794591,c_tf_idf
50,10,phoenix,0.0181422554717807,c_tf_idf
51,1,moral,0.0492541228424448,c_tf_idf
51,2,trolley,0.0374083290742561,c_tf_idf
51,3,ethical,0.0253855150937271,c_tf_idf
51,4,decisions,0.0239724659528204,c_tf_idf
51,5,people,0.0226325547863693,c_tf_idf
51,6,problem,0.0206279087484203,c_tf_idf
51,7,ethics,0.0191229165209519,c_tf_idf
51,8,study,0.0162382609683793,c_tf_idf
51,9,programmed,0.0157706775659955,c_tf_idf
51,10,kill,0.0155528089765671,c_tf_idf
52,1,shuttle,0.0656361880303197,c_tf_idf
52,2,vegas,0.0599275130555899,c_tf_idf
52,3,las,0.055976107965957,c_tf_idf
52,4,aptiv,0.0371249268356241,c_tf_idf
52,5,easymile,0.0361136727887303,c_tf_idf
52,6,lyft,0.03243478639232,c_tf_idf
52,7,shuttles,0.0280215053088319,c_tf_idf
52,8,rides,0.0264625719483999,c_tf_idf
52,9,ride,0.0192015153209169,c_tf_idf
52,10,keolis,0.0190972139432328,c_tf_idf
53,1,cramer,0.0781988246475305,c_tf_idf
53,2,intel,0.0376029880536044,c_tf_idf
53,3,nvidia,0.0345690204261001,c_tf_idf
53,4,mad,0.0273566476335916,c_tf_idf
53,5,stock,0.0234723859660637,c_tf_idf
53,6,nvidias,0.0231144749999185,c_tf_idf
53,7,cramers,0.021378084509821,c_tf_idf
53,8,chips,0.0201158389603953,c_tf_idf
53,9,earnings,0.0192742620212006,c_tf_idf
53,10,revenue,0.0170548350370903,c_tf_idf
54,1,california,0.0546903753869119,c_tf_idf
54,2,dmv,0.034016713124416,c_tf_idf
54,3,regulations,0.0291194259142537,c_tf_idf
54,4,vehicles,0.0284456287881612,c_tf_idf
54,5,testing,0.0276225384723084,c_tf_idf
54,6,state,0.0275136051026655,c_tf_idf
54,7,rules,0.0248574717329764,c_tf_idf
54,8,proposed,0.0217967883201387,c_tf_idf
54,9,autonomous,0.0217520803836969,c_tf_idf
54,10,public,0.0211977428954515,c_tf_idf
55,1,udacity,0.0940875954236728,c_tf_idf
55,2,thrun,0.0784476843715363,c_tf_idf
55,3,nanodegree,0.0538580702612863,c_tf_idf
55,4,students,0.0459308090038828,c_tf_idf
55,5,udacitys,0.0363597881146351,c_tf_idf
55,6,program,0.0314784979877557,c_tf_idf
55,7,education,0.0274978150386829,c_tf_idf
55,8,sebastian,0.023705903549689,c_tf_idf
55,9,online,0.0212913818801255,c_tf_idf
55,10,courses,0.0206684245411662,c_tf_idf
56,1,remote,0.0314372822063569,c_tf_idf
56,2,michigan,0.0304411727826259,c_tf_idf
56,3,phantom,0.0298128676100913,c_tf_idf
56,4,mcity,0.0254222996645922,c_tf_idf
56,5,testing,0.0176901522215287,c_tf_idf
56,6,autonomous,0.0172183752076605,c_tf_idf
56,7,test,0.017051099539621,c_tf_idf
56,8,university,0.0166537756977733,c_tf_idf
56,9,arbor,0.0156371438009451,c_tf_idf
56,10,ann,0.0149249648192695,c_tf_idf
57,1,didi,0.1307582925826311,c_tf_idf
57,2,chuxing,0.0364627700494133,c_tf_idf
57,3,didis,0.0324289497306492,c_tf_idf
57,4,china,0.0299085179805151,c_tf_idf
57,5,chinese,0.0248068305296981,c_tf_idf
57,6,company,0.0181457514748169,c_tf_idf
57,7,shanghai,0.0156677441005837,c_tf_idf
57,8,ridehailing,0.01498086098161,c_tf_idf
57,9,liu,0.0145095721745396,c_tf_idf
57,10,uber,0.0143900198294726,c_tf_idf
58,1,percent,0.0570783792411936,c_tf_idf
58,2,survey,0.039997651299748,c_tf_idf
58,3,poll,0.0358475292872479,c_tf_idf
58,4,americans,0.0276795053262341,c_tf_idf
58,5,respondents,0.0258147154477685,c_tf_idf
58,6,cars,0.0213809042582072,c_tf_idf
58,7,selfdriving,0.0198020199698914,c_tf_idf
58,8,said,0.019491963744613,c_tf_idf
58,9,people,0.019245609598938,c_tf_idf
58,10,car,0.0164229924459849,c_tf_idf
59,1,maps,0.0779599858379823,c_tf_idf
59,2,mapping,0.0349643854956568,c_tf_idf
59,3,map,0.0320783622571287,c_tf_idf
59,4,data,0.0286240645723664,c_tf_idf
59,5,navigation,0.0202555379400805,c_tf_idf
59,6,gps,0.0194726436529336,c_tf_idf
59,7,google,0.0160977384397217,c_tf_idf
59,8,road,0.0133047201472487,c_tf_idf
59,9,apple,0.0130397120089406,c_tf_idf
59,10,cars,0.0129950722063614,c_tf_idf
60,1,arizona,0.0621118429514099,c_tf_idf
60,2,uber,0.0474870301000468,c_tf_idf
60,3,ducey,0.0425070311223233,c_tf_idf
60,4,testing,0.0341957796033851,c_tf_idf
60,5,crash,0.0341740328390582,c_tf_idf
60,6,selfdriving,0.0260798078440454,c_tf_idf
60,7,ubers,0.0252081943618962,c_tf_idf
60,8,governor,0.0222516557379455,c_tf_idf
60,9,incident,0.0210580811730996,c_tf_idf
60,10,tempe,0.0207304794689979,c_tf_idf
61,1,boundless,0.1640084222097901,c_tf_idf
61,2,aired,0.1343195706098668,c_tf_idf
61,3,hilltvs,0.119343484056643,c_tf_idf
61,4,5g,0.1002198127328245,c_tf_idf
61,5,hilltv,0.0728170655675359,c_tf_idf
61,6,interview,0.0673309579815996,c_tf_idf
61,7,smart,0.0633532637500918,c_tf_idf
61,8,episode,0.0618822768885949,c_tf_idf
61,9,monday,0.0525036505158698,c_tf_idf
61,10,technology,0.0456959713682152,c_tf_idf
62,1,miles,0.0781776634310852,c_tf_idf
62,2,disengagements,0.0708464900576522,c_tf_idf
62,3,disengagement,0.0642148156129309,c_tf_idf
62,4,california,0.0341783262352477,c_tf_idf
62,5,testing,0.030333955990061,c_tf_idf
62,6,reports,0.0272261929169822,c_tf_idf
62,7,roads,0.0225402390402497,c_tf_idf
62,8,drove,0.0216374977270327,c_tf_idf
62,9,waymo,0.0212585812625918,c_tf_idf
62,10,cruise,0.0209438787487011,c_tf_idf
63,1,cruise,0.0736283368644994,c_tf_idf
63,2,gm,0.0561717509584607,c_tf_idf
63,3,softbank,0.0472610163784085,c_tf_idf
63,4,honda,0.0436303877643003,c_tf_idf
63,5,investment,0.0408405992255476,c_tf_idf
63,6,billion,0.0373039762161275,c_tf_idf
63,7,fund,0.0246538799247451,c_tf_idf
63,8,cfius,0.0208839648635415,c_tf_idf
63,9,225,0.0203557903207074,c_tf_idf
63,10,ammann,0.0186976572793221,c_tf_idf
64,1,trump,0.0423143567306883,c_tf_idf
64,2,house,0.0246985774789976,c_tf_idf
64,3,senate,0.0181473815360913,c_tf_idf
64,4,democrats,0.0156989225842498,c_tf_idf
64,5,president,0.0151697544276981,c_tf_idf
64,6,hills,0.0147081445879495,c_tf_idf
64,7,committee,0.014106885347841,c_tf_idf
64,8,tax,0.0140441996817519,c_tf_idf
64,9,trumps,0.01310032308872,c_tf_idf
64,10,hill,0.0129455711537682,c_tf_idf
65,1,uber,0.0368518525358702,c_tf_idf
65,2,safety,0.0323672372291003,c_tf_idf
65,3,pittsburgh,0.0281000028834474,c_tf_idf
65,4,testing,0.0279569967904445,c_tf_idf
65,5,arizona,0.0237456145658493,c_tf_idf
65,6,ubers,0.023134431004207,c_tf_idf
65,7,crash,0.0230132058322353,c_tf_idf
65,8,selfdriving,0.0223489464441333,c_tf_idf
65,9,driver,0.0213527710398162,c_tf_idf
65,10,tempe,0.0195965265340685,c_tf_idf
66,1,roborace,0.119567581146942,c_tf_idf
66,2,formula,0.0701449285047086,c_tf_idf
66,3,racing,0.0561838015475505,c_tf_idf
66,4,series,0.0427620197552177,c_tf_idf
66,5,robocar,0.0412406955773749,c_tf_idf
66,6,race,0.0402703414960169,c_tf_idf
66,7,track,0.0355660978012896,c_tf_idf
66,8,devbot,0.0349399295391299,c_tf_idf
66,9,lap,0.0232089312026755,c_tf_idf
66,10,roboraces,0.0231257181181955,c_tf_idf
67,1,volvo,0.0680100605363977,c_tf_idf
67,2,uber,0.0399078455471612,c_tf_idf
67,3,xc90,0.0369972551151601,c_tf_idf
67,4,selfdriving,0.0248742555401029,c_tf_idf
67,5,ubers,0.0245477885253644,c_tf_idf
67,6,meyhofer,0.0227041093147491,c_tf_idf
67,7,cars,0.0220654584059555,c_tf_idf
67,8,volvos,0.0212053739587735,c_tf_idf
67,9,autonomous,0.0209535910313031,c_tf_idf
67,10,vehicles,0.0182237233784477,c_tf_idf
68,1,softbank,0.0685359867775019,c_tf_idf
68,2,billion,0.0557211804745548,c_tf_idf
68,3,son,0.0505629223630187,c_tf_idf
68,4,investments,0.0392747506086871,c_tf_idf
68,5,investment,0.0346215949769846,c_tf_idf
68,6,total,0.0301012766274546,c_tf_idf
68,7,fund,0.0282741737310672,c_tf_idf
68,8,million,0.0278150043275153,c_tf_idf
68,9,toyota,0.0253903583586613,c_tf_idf
68,10,vision,0.0249828250020259,c_tf_idf
69,1,levandowski,0.0851632266632662,c_tf_idf
69,2,theft,0.0378026449638523,c_tf_idf
69,3,indictment,0.0369187366173208,c_tf_idf
69,4,charges,0.0344879245384765,c_tf_idf
69,5,anthony,0.0344230084939737,c_tf_idf
69,6,uber,0.0287540597375324,c_tf_idf
69,7,google,0.0268770385693313,c_tf_idf
69,8,case,0.0245810754893911,c_tf_idf
69,9,files,0.0232471513187285,c_tf_idf
69,10,levandowskis,0.0229551594760203,c_tf_idf
-1,1,uber,0.8974326080245396,keybert
-1,2,technology,0.8665029404665269,keybert
-1,3,autonomous,0.8638374052803716,keybert
-1,4,future,0.8610868917196987,keybert
-1,5,cars,0.855697025957047,keybert
-1,6,driving,0.8533118270205008,keybert
-1,7,car,0.8497019620615118,keybert
-1,8,vehicles,0.8488827794802366,keybert
-1,9,driver,0.8453731437954742,keybert
-1,10,drivers,0.8451926427964342,keybert
0,1,tesla,0.9033707416995492,keybert
0,2,teslas,0.8846342229495149,keybert
0,3,autopilot,0.8656735610177527,keybert
0,4,driving,0.8367212479797264,keybert
0,5,cars,0.8349519410044839,keybert
0,6,autonomous,0.8328894909100317,keybert
0,7,musk,0.8315542561221143,keybert
0,8,car,0.8309801995067185,keybert
0,9,drive,0.8283820784267956,keybert
0,10,crash,0.8264574671961331,keybert
1,1,driverless,0.8830563662651868,keybert
1,2,waymo,0.8799353573012949,keybert
1,3,waymos,0.8533717865707399,keybert
1,4,autonomous,0.8476316552349125,keybert
1,5,driving,0.8329898571542466,keybert
1,6,minivans,0.8301880704767675,keybert
1,7,cars,0.8299771016736593,keybert
1,8,google,0.8296432998901491,keybert
1,9,driver,0.8280207579744848,keybert
1,10,drivers,0.8277740708559672,keybert
2,1,uber,0.8914755524221009,keybert
2,2,ubers,0.8778735249551006,keybert
2,3,google,0.8452706386360964,keybert
2,4,kalanick,0.8431795839433788,keybert
2,5,lawsuit,0.8324075612223852,keybert
2,6,waymo,0.831258587973682,keybert
2,7,googles,0.8288540600687533,keybert
2,8,waymos,0.8218275956758623,keybert
2,9,case,0.81835923823087,keybert
2,10,alphabet,0.8117398942427638,keybert
3,1,driverless,0.9003942465515187,keybert
3,2,autonomous,0.8887056264622398,keybert
3,3,driving,0.8842324745327182,keybert
3,4,vehicles,0.8778099009799202,keybert
3,5,cars,0.8721015099064108,keybert
3,6,drive,0.871547436682892,keybert
3,7,vehicle,0.8687373537852859,keybert
3,8,car,0.8662933002050667,keybert
3,9,driver,0.8567296235845268,keybert
3,10,drivers,0.8561374571106132,keybert
4,1,ai,0.8471137372978754,keybert
4,2,think,0.8351802215966923,keybert
4,3,know,0.8199162361891995,keybert
4,4,kind,0.8175517271911877,keybert
4,5,say,0.8172714670683138,keybert
4,6,you,0.8172691990910996,keybert
4,7,how,0.8171204613827371,keybert
4,8,things,0.8169752026492324,keybert
4,9,they,0.815991668984796,keybert
4,10,them,0.8158698078573925,keybert
5,1,cnbc,0.8633305762522938,keybert
5,2,bloomberg,0.8585771578308241,keybert
5,3,investors,0.8447529876637688,keybert
5,4,facebook,0.8408120317048936,keybert
5,5,trump,0.8380002513920813,keybert
5,6,wsj,0.837838898381544,keybert
5,7,business,0.8364458909139841,keybert
5,8,stock,0.8358271891136605,keybert
5,9,tech,0.8341864445329238,keybert
5,10,nyt,0.8314401824005688,keybert
6,1,uber,0.9306546415596636,keybert
6,2,ubers,0.9217204775556166,keybert
6,3,lyft,0.8654632260907646,keybert
6,4,kalanick,0.8591988977972641,keybert
6,5,kalanicks,0.8547646720860154,keybert
6,6,ceo,0.844408896101516,keybert
6,7,drivers,0.8367226043057235,keybert
6,8,driver,0.8363333423024129,keybert
6,9,business,0.8295747927931266,keybert
6,10,ridehailing,0.82501207948988,keybert
7,1,apple,0.9093759684643297,keybert
7,2,iphone,0.8829045791921118,keybert
7,3,apples,0.8543893751737538,keybert
7,4,technology,0.8487667602931181,keybert
7,5,autonomous,0.8170895695542758,keybert
7,6,car,0.8126980714351494,keybert
7,7,cars,0.8122723580565278,keybert
7,8,bloomberg,0.812087855496454,keybert
7,9,it,0.8104002079988334,keybert
7,10,companies,0.8059483091922427,keybert
8,1,uber,0.8790018939365615,keybert
8,2,transportation,0.8742416775327064,keybert
8,3,techcrunch,0.8690252089282322,keybert
8,4,tesla,0.8614685081610401,keybert
8,5,tech,0.8581297668613268,keybert
8,6,mobility,0.8564196219666692,keybert
8,7,vehicles,0.8453234570973175,keybert
8,8,cars,0.8422282864868011,keybert
8,9,startups,0.8364554187002718,keybert
8,10,vehicle,0.8356186799463113,keybert
9,1,gm,0.857988191124038,keybert
9,2,cruise,0.845614532019815,keybert
9,3,automaker,0.8443852837788959,keybert
9,4,chevy,0.844274697858156,keybert
9,5,driverless,0.8429829330125413,keybert
9,6,chevrolet,0.8418167074528661,keybert
9,7,motors,0.8351914429145599,keybert
9,8,vehicles,0.8300919066850281,keybert
9,9,autonomous,0.8288722659908956,keybert
9,10,driving,0.8277267099867717,keybert
10,1,lidar,0.8777005195806896,keybert
10,2,lidars,0.8496403043858505,keybert
10,3,autonomous,0.8302186814460719,keybert
10,4,automotive,0.8269341757591393,keybert
10,5,technology,0.8254767450431296,keybert
10,6,driving,0.8248415512181918,keybert
10,7,cars,0.8191502350471047,keybert
10,8,car,0.8176077424198429,keybert
10,9,vehicles,0.8160967527694829,keybert
10,10,laser,0.8157423013929631,keybert
11,1,ford,0.8985739675673928,keybert
11,2,autonomous,0.8747041123478579,keybert
11,3,fords,0.8640170764387676,keybert
11,4,automaker,0.8590699865489485,keybert
11,5,vehicles,0.8410209678306444,keybert
11,6,vehicle,0.8351416926105745,keybert
11,7,driving,0.8350060504301613,keybert
11,8,cars,0.8335638713302153,keybert
11,9,driver,0.8283468172208371,keybert
11,10,car,0.828224600460255,keybert
12,1,uber,0.891006239334549,keybert
12,2,ubers,0.8841576737404497,keybert
12,3,driverless,0.8631111544879904,keybert
12,4,pittsburgh,0.8414720791658092,keybert
12,5,drivers,0.8373649994449662,keybert
12,6,driver,0.8255667635580094,keybert
12,7,driving,0.8252782949746416,keybert
12,8,autonomous,0.8239624021140644,keybert
12,9,pittsburghs,0.8179461722096638,keybert
12,10,cars,0.8116095527437486,keybert
13,1,cars,0.8677284929368132,keybert
13,2,transportation,0.8659867626713698,keybert
13,3,mobility,0.8640897194652725,keybert
13,4,driverless,0.8632850489219834,keybert
13,5,vehicles,0.8612538535890322,keybert
13,6,ridesharing,0.8601631074641388,keybert
13,7,traffic,0.8554898524154226,keybert
13,8,autonomous,0.8552906116043578,keybert
13,9,car,0.8546589978514965,keybert
13,10,parking,0.849006354295843,keybert
14,1,carsharing,0.8791654726159999,keybert
14,2,automakers,0.8781210614938006,keybert
14,3,ford,0.8715789966649229,keybert
14,4,carmakers,0.8690551701127394,keybert
14,5,autonomous,0.8673169023729844,keybert
14,6,uber,0.8638569040170551,keybert
14,7,automotive,0.8636905708712111,keybert
14,8,vehicles,0.8635251844885471,keybert
14,9,auto,0.8606709597096672,keybert
14,10,cars,0.8598352048511129,keybert
15,1,cars,0.8902262402839197,keybert
15,2,vehicles,0.8806955201476143,keybert
15,3,car,0.8764118938730645,keybert
15,4,drive,0.8682977875318719,keybert
15,5,driving,0.8677887683517106,keybert
15,6,auto,0.8673343356768776,keybert
15,7,vehicle,0.8643371570771088,keybert
15,8,autonomous,0.8513986314239442,keybert
15,9,technology,0.8421728099139656,keybert
15,10,future,0.8369215616378674,keybert
16,1,intel,0.8727913719199223,keybert
16,2,automakers,0.8476125218755004,keybert
16,3,chipmaker,0.841239480845987,keybert
16,4,mobileye,0.8409194122004534,keybert
16,5,intels,0.8390839601649372,keybert
16,6,autonomous,0.8381259538727569,keybert
16,7,mobileyes,0.8255918622576874,keybert
16,8,automotive,0.8254146616878205,keybert
16,9,carmakers,0.822023272179255,keybert
16,10,vehicles,0.8206356980999268,keybert
17,1,toyota,0.8975579918680854,keybert
17,2,toyotas,0.8833005289320273,keybert
17,3,automakers,0.8732042056784315,keybert
17,4,driverless,0.869948181577606,keybert
17,5,vehicles,0.8670281939736793,keybert
17,6,autonomous,0.8656362728447395,keybert
17,7,uber,0.8635304735687516,keybert
17,8,automaker,0.8607183375365415,keybert
17,9,vehicle,0.8575471209511142,keybert
17,10,cars,0.8502279724626132,keybert
18,1,nhtsa,0.8613731084553625,keybert
18,2,driverless,0.8608699648511776,keybert
18,3,automakers,0.8431976140997575,keybert
18,4,auto,0.8352060980530696,keybert
18,5,autonomous,0.8329099108113281,keybert
18,6,automated,0.8317902628082231,keybert
18,7,vehicles,0.8311103940835974,keybert
18,8,safety,0.8189956776914843,keybert
18,9,cars,0.8165389646690007,keybert
18,10,vehicle,0.8142743132352328,keybert
19,1,lyft,0.9293242730763329,keybert
19,2,lyfts,0.920758331712823,keybert
19,3,uber,0.8761434803005639,keybert
19,4,autonomous,0.8400438180104259,keybert
19,5,drivers,0.8389715321354048,keybert
19,6,driveai,0.8283129381728216,keybert
19,7,ridehailing,0.8244513371724589,keybert
19,8,vehicles,0.8242466979522104,keybert
19,9,cars,0.8237174652591288,keybert
19,10,rides,0.8226425648421227,keybert
20,1,daimlers,0.9115846478714978,keybert
20,2,daimler,0.9034637825898912,keybert
20,3,automakers,0.8874730595423014,keybert
20,4,carmakers,0.8801381674348318,keybert
20,5,bmw,0.8770538454750637,keybert
20,6,automotive,0.873364335111221,keybert
20,7,bmws,0.8680567577153542,keybert
20,8,mercedes,0.8651762887789495,keybert
20,9,auto,0.8616912672212415,keybert
20,10,vehicles,0.8501536454029521,keybert
21,1,driverless,0.8712577162914712,keybert
21,2,lawmakers,0.8577103828712872,keybert
21,3,autonomous,0.8474937623944968,keybert
21,4,legislation,0.8462081245002422,keybert
21,5,automakers,0.8459394802304807,keybert
21,6,nhtsa,0.8338605563731969,keybert
21,7,senators,0.8318118558177113,keybert
21,8,auto,0.8310479683113775,keybert
21,9,senate,0.8249654785291283,keybert
21,10,vehicles,0.8246331101352402,keybert
22,1,driverless,0.8588340293929914,keybert
22,2,deliveries,0.8513775801876399,keybert
22,3,kroger,0.849882920656982,keybert
22,4,grocery,0.8492202543496802,keybert
22,5,groceries,0.8475672136465768,keybert
22,6,delivering,0.8474719030167419,keybert
22,7,autonomous,0.838792183340833,keybert
22,8,delivery,0.8385992968808162,keybert
22,9,deliver,0.8380456585085044,keybert
22,10,nuro,0.8294134173151665,keybert
23,1,driverless,0.8973136306584791,keybert
23,2,autonomous,0.8598746070881368,keybert
23,3,vehicles,0.8510099433881668,keybert
23,4,transit,0.8491245487250517,keybert
23,5,buses,0.8468567173301427,keybert
23,6,driving,0.8451197538961478,keybert
23,7,bus,0.8439733811228896,keybert
23,8,cars,0.8399760105893339,keybert
23,9,transport,0.839814565281734,keybert
23,10,vehicle,0.8333406193645848,keybert
24,1,nvidia,0.890487524192015,keybert
24,2,autonomous,0.8628412386066101,keybert
24,3,uber,0.8583100283275321,keybert
24,4,nvidias,0.8551547670626949,keybert
24,5,automakers,0.8517528904427796,keybert
24,6,automotive,0.8495243374610651,keybert
24,7,cars,0.8490755882736493,keybert
24,8,driving,0.8463759775684943,keybert
24,9,volvo,0.846180941054945,keybert
24,10,drive,0.8451140628281559,keybert
25,1,uber,0.8856380840214305,keybert
25,2,ubers,0.8784583448275264,keybert
25,3,dmv,0.850738255281502,keybert
25,4,dmvs,0.8308416720696808,keybert
25,5,autonomous,0.8200047404605174,keybert
25,6,california,0.8131632288380833,keybert
25,7,driver,0.808519202052994,keybert
25,8,vehicles,0.8084103706294403,keybert
25,9,cars,0.8065531499596511,keybert
25,10,car,0.7913396493321856,keybert
26,1,vw,0.8763379334408063,keybert
26,2,volkswagen,0.8727916602810173,keybert
26,3,ford,0.8699547380072544,keybert
26,4,automakers,0.8652790118237942,keybert
26,5,volkswagens,0.8645564281265615,keybert
26,6,fords,0.8472535797698078,keybert
26,7,carmakers,0.8448568984525956,keybert
26,8,automaker,0.8423937768805845,keybert
26,9,auto,0.834735635930202,keybert
26,10,vehicles,0.8292562032800349,keybert
27,1,hillicon,0.8700916276260504,keybert
27,2,tech,0.8561753664208926,keybert
27,3,twitter,0.8514450324266254,keybert
27,4,hill,0.8512014282030874,keybert
27,5,facebook,0.8429979123163445,keybert
27,6,trump,0.8420534584117031,keybert
27,7,cybersecurity,0.8356552825757891,keybert
27,8,cyber,0.8346699996833399,keybert
27,9,lawmakers,0.8322022452770385,keybert
27,10,political,0.8319811824340837,keybert
28,1,trucking,0.8843033561590559,keybert
28,2,trucks,0.8789421389874083,keybert
28,3,truckers,0.8786274937718884,keybert
28,4,truck,0.8693330405698312,keybert
28,5,driverless,0.8668580696051899,keybert
28,6,autonomous,0.8536438379983784,keybert
28,7,drive,0.8515220482457397,keybert
28,8,freight,0.851517559058966,keybert
28,9,drivers,0.8488080413756814,keybert
28,10,automated,0.8472438625456091,keybert
29,1,baidu,0.8796115828847257,keybert
29,2,autonomous,0.8478314516700295,keybert
29,3,driverless,0.8412578853525702,keybert
29,4,ai,0.8369672582530652,keybert
29,5,auto,0.8337169604064371,keybert
29,6,baic,0.8327001352616195,keybert
29,7,china,0.8251069364493191,keybert
29,8,platform,0.8190293785034453,keybert
29,9,car,0.8184330411900126,keybert
29,10,driving,0.817368649990718,keybert
30,1,hyundai,0.8934430057529772,keybert
30,2,automakers,0.8678468560313464,keybert
30,3,auto,0.8611820838552938,keybert
30,4,automotive,0.8588276545253133,keybert
30,5,automaker,0.8546598727251753,keybert
30,6,kia,0.8537966673930764,keybert
30,7,autonomous,0.8457452999065591,keybert
30,8,vehicles,0.8418059065764663,keybert
30,9,driverless,0.8398973924730618,keybert
30,10,car,0.8384532824140019,keybert
31,1,lyft,0.9264346008538124,keybert
31,2,lyfts,0.9236035151653327,keybert
31,3,uber,0.8721847139895847,keybert
31,4,ubers,0.858086402845326,keybert
31,5,ipo,0.8244220821070172,keybert
31,6,ipos,0.8240332837879116,keybert
31,7,rides,0.8179331385972065,keybert
31,8,ridehailing,0.8172241917654288,keybert
31,9,investors,0.8167191387156424,keybert
31,10,ride,0.8149252963853918,keybert
32,1,uber,0.8979743890141448,keybert
32,2,ubers,0.8841883200653953,keybert
32,3,trucking,0.8620630794961358,keybert
32,4,freight,0.8565698551141221,keybert
32,5,truckers,0.855026345919475,keybert
32,6,trucks,0.8471870899191725,keybert
32,7,drivers,0.8423121657921689,keybert
32,8,truck,0.8402827418159589,keybert
32,9,driving,0.8378825886736251,keybert
32,10,driver,0.8376439268032082,keybert
33,1,google,0.8766234078024837,keybert
33,2,googles,0.8681688960939138,keybert
33,3,alphabet,0.8552305661003677,keybert
33,4,alphabets,0.8476587497673375,keybert
33,5,earnings,0.8447457098496516,keybert
33,6,business,0.8429394700685326,keybert
33,7,revenues,0.8381445679640782,keybert
33,8,investors,0.8326961681850088,keybert
33,9,revenue,0.8293824553809085,keybert
33,10,companies,0.8264719836892582,keybert
34,1,aviation,0.8757423556928139,keybert
34,2,flying,0.8716605347055367,keybert
34,3,aircraft,0.8664538658755433,keybert
34,4,transportation,0.8625201086315187,keybert
34,5,planes,0.858294159224879,keybert
34,6,flight,0.857620854142177,keybert
34,7,driverless,0.8568172272250839,keybert
34,8,airline,0.8556884218260198,keybert
34,9,fly,0.8544082265573462,keybert
34,10,airlines,0.854236254013347,keybert
35,1,google,0.8624480237806436,keybert
35,2,googles,0.8476282836029703,keybert
35,3,accidents,0.8366742335783752,keybert
35,4,crash,0.8365947118534846,keybert
35,5,driving,0.8350785391512143,keybert
35,6,accident,0.8302908978623095,keybert
35,7,autonomous,0.826060666830642,keybert
35,8,collision,0.8196683127185354,keybert
35,9,drivers,0.8178251359160359,keybert
35,10,vehicles,0.8134541458246101,keybert
36,1,aurora,0.8705318291734868,keybert
36,2,automakers,0.8690725526149665,keybert
36,3,autonomous,0.8655419305323231,keybert
36,4,auroras,0.8609760959359393,keybert
36,5,ford,0.8465762152504476,keybert
36,6,driver,0.8401447125340756,keybert
36,7,minivans,0.8344838133947426,keybert
36,8,vw,0.8341008279329063,keybert
36,9,vehicles,0.8340227873469804,keybert
36,10,volkswagen,0.8304762592604438,keybert
37,1,automakers,0.8879686767519014,keybert
37,2,tesla,0.8676916934744812,keybert
37,3,cars,0.8567446817859883,keybert
37,4,auto,0.8524461222080888,keybert
37,5,vehicles,0.8505547476650438,keybert
37,6,ev,0.8489792971160074,keybert
37,7,future,0.8478901931402625,keybert
37,8,car,0.8455163939431614,keybert
37,9,ford,0.8442368865492574,keybert
37,10,motors,0.8367216584747511,keybert
38,1,ford,0.9124015156240491,keybert
38,2,fords,0.8806432954981369,keybert
38,3,automaker,0.8531477417819223,keybert
38,4,tesla,0.8429012930035017,keybert
38,5,auto,0.8308143574880608,keybert
38,6,ceo,0.8290487013205362,keybert
38,7,detroit,0.8175803803778301,keybert
38,8,motors,0.8098346445107858,keybert
38,9,executive,0.8078730004677991,keybert
38,10,cars,0.8073399959003642,keybert
39,1,gm,0.9057064850560649,keybert
39,2,gms,0.8651150012303213,keybert
39,3,automaker,0.8642702763711245,keybert
39,4,chevrolet,0.8586849782776248,keybert
39,5,motors,0.8543787080781794,keybert
39,6,tesla,0.8532607387059057,keybert
39,7,auto,0.8358244437288092,keybert
39,8,ev,0.8245700324916978,keybert
39,9,cars,0.8241510557059515,keybert
39,10,vehicles,0.820741788103179,keybert
40,1,uber,0.8638872789769378,keybert
40,2,driverless,0.8611881919429761,keybert
40,3,taxis,0.8545195971911204,keybert
40,4,singapore,0.8503374644583074,keybert
40,5,taxi,0.8430690588775576,keybert
40,6,autonomous,0.8386184077603054,keybert
40,7,singapores,0.8381675169370094,keybert
40,8,cars,0.8307111128946143,keybert
40,9,vehicles,0.8284737951148129,keybert
40,10,passengers,0.8220517026806196,keybert
41,1,carmakers,0.885719235924143,keybert
41,2,automakers,0.8848468752500104,keybert
41,3,china,0.8837473991354742,keybert
41,4,cars,0.8650135193552061,keybert
41,5,driverless,0.8593564788326978,keybert
41,6,auto,0.8593294324575241,keybert
41,7,chinas,0.8586642213857534,keybert
41,8,car,0.8554108605051598,keybert
41,9,automotive,0.8549791072951702,keybert
41,10,vehicles,0.853654738983728,keybert
42,1,uber,0.8760020841631702,keybert
42,2,ubers,0.8577689105188739,keybert
42,3,lawsuit,0.8189545153864193,keybert
42,4,allegations,0.8155571785545275,keybert
42,5,kalanick,0.8119700517477917,keybert
42,6,testified,0.7966347416110533,keybert
42,7,evidence,0.7965869132511765,keybert
42,8,waymo,0.7950848078130924,keybert
42,9,case,0.7904740848391033,keybert
42,10,lawyer,0.7899110227893549,keybert
43,1,audi,0.8977905891582814,keybert
43,2,audis,0.8873808177989697,keybert
43,3,autonomous,0.8845566453708725,keybert
43,4,driving,0.8720208184620345,keybert
43,5,drive,0.8656094782459574,keybert
43,6,autopilot,0.8637650316691727,keybert
43,7,automated,0.8607592038555961,keybert
43,8,car,0.8551397831396732,keybert
43,9,vehicles,0.8532119747102095,keybert
43,10,cars,0.8527370751105139,keybert
44,1,ford,0.8839201887961076,keybert
44,2,postmates,0.8664912671677495,keybert
44,3,driverless,0.8650036934982921,keybert
44,4,fords,0.8602059981543964,keybert
44,5,deliveries,0.8544604942549193,keybert
44,6,delivering,0.8519256961007732,keybert
44,7,autonomous,0.8496601787909658,keybert
44,8,automated,0.8468641653820903,keybert
44,9,deliver,0.8408848764818967,keybert
44,10,vehicles,0.8408830432510995,keybert
45,1,uber,0.8777681249872974,keybert
45,2,ubers,0.861257066213127,keybert
45,3,crashes,0.8510551838453329,keybert
45,4,crash,0.8377596903677382,keybert
45,5,accident,0.8171602808931852,keybert
45,6,driver,0.8094737175646938,keybert
45,7,fatal,0.804857796302618,keybert
45,8,ntsb,0.8008521088080877,keybert
45,9,autonomous,0.799818459310198,keybert
45,10,vehicles,0.7983482261606332,keybert
46,1,volvo,0.9275447527992455,keybert
46,2,volvos,0.9167867901384057,keybert
46,3,driverless,0.8757384567538162,keybert
46,4,driving,0.8533337153093585,keybert
46,5,steering,0.8503486856115792,keybert
46,6,autonomous,0.8501342329054857,keybert
46,7,drivers,0.847759811913422,keybert
46,8,driver,0.8473848781310837,keybert
46,9,vehicles,0.8455752811387394,keybert
46,10,drive,0.8455387830206567,keybert
47,1,uber,0.8950142746510477,keybert
47,2,ubers,0.8726184450058855,keybert
47,3,crash,0.833313556893772,keybert
47,4,accident,0.8277546293346063,keybert
47,5,driver,0.8254540042851622,keybert
47,6,pedestrian,0.8250978113771884,keybert
47,7,autonomous,0.824803087140304,keybert
47,8,fatal,0.8180410926736186,keybert
47,9,killed,0.8154584054750597,keybert
47,10,arizona,0.8140380197081999,keybert
48,1,startups,0.9044459695707667,keybert
48,2,startup,0.8792244688971297,keybert
48,3,ventures,0.8681744532423046,keybert
48,4,tech,0.8597738081597979,keybert
48,5,venture,0.8571159476372435,keybert
48,6,techcrunch,0.8545614307646339,keybert
48,7,technology,0.8434877250380094,keybert
48,8,companies,0.8401766949525035,keybert
48,9,investors,0.8358572301499277,keybert
48,10,platform,0.8338357809555378,keybert
49,1,ces,0.8758998575083617,keybert
49,2,electronics,0.8533626953508219,keybert
49,3,gadgets,0.8524499248268641,keybert
49,4,devices,0.8524334436202197,keybert
49,5,technology,0.8491348819211328,keybert
49,6,tech,0.8474521489346923,keybert
49,7,tvs,0.843426888805375,keybert
49,8,samsung,0.8411842870745957,keybert
49,9,wearables,0.8410829262227025,keybert
49,10,vr,0.8363920890038932,keybert
50,1,ups,0.8776346459810269,keybert
50,2,tusimple,0.8426147790326031,keybert
50,3,tusimples,0.8409061359582213,keybert
50,4,hauling,0.8399172926786207,keybert
50,5,trucks,0.8385909616044939,keybert
50,6,autonomous,0.8362480147045014,keybert
50,7,truck,0.8357048312018746,keybert
50,8,trucking,0.8342651333353486,keybert
50,9,freight,0.8339198787331457,keybert
50,10,deliveries,0.8330680716412023,keybert
51,1,morality,0.863277732527205,keybert
51,2,moral,0.8620897819692467,keybert
51,3,autonomous,0.8601382633762179,keybert
51,4,ethical,0.8488428520856381,keybert
51,5,ethics,0.8457810433904813,keybert
51,6,trolley,0.8428661559179265,keybert
51,7,choices,0.8357421326438583,keybert
51,8,vehicles,0.8355664714779244,keybert
51,9,cars,0.8355638194962107,keybert
51,10,car,0.8305104796568722,keybert
52,1,driverless,0.8725403279550249,keybert
52,2,lyft,0.8607258934473698,keybert
52,3,shuttles,0.8605724632287303,keybert
52,4,autonomous,0.8586229908060659,keybert
52,5,shuttle,0.8580556134154018,keybert
52,6,nhtsa,0.8545798803138357,keybert
52,7,passenger,0.850247044647063,keybert
52,8,passengers,0.8500333532894429,keybert
52,9,vehicles,0.8482780139488594,keybert
52,10,transportation,0.8465311016232063,keybert
53,1,cramers,0.9040949160220256,keybert
53,2,cramer,0.9029135710159474,keybert
53,3,stock,0.8455427850900993,keybert
53,4,intel,0.8413367560373687,keybert
53,5,amd,0.8392031394013046,keybert
53,6,analysts,0.8361353028248294,keybert
53,7,madcapcnbccom,0.8354371030382206,keybert
53,8,stocks,0.8351880087231499,keybert
53,9,chipmaker,0.8348843271068165,keybert
53,10,mad,0.8306648408197848,keybert
54,1,driverless,0.8474215373877916,keybert
54,2,dmv,0.8446089551028514,keybert
54,3,california,0.8443089416228188,keybert
54,4,nhtsa,0.8407197237949676,keybert
54,5,autonomous,0.8402826232001527,keybert
54,6,automakers,0.8327913847290986,keybert
54,7,vehicles,0.8260668589276757,keybert
54,8,drivers,0.8220030227540162,keybert
54,9,californias,0.8167703636320125,keybert
54,10,cars,0.8113309173320309,keybert
55,1,udacity,0.8666234817203206,keybert
55,2,udacitys,0.8652446980043684,keybert
55,3,startup,0.8641260659849983,keybert
55,4,robotics,0.8632927976439538,keybert
55,5,google,0.8555277579502495,keybert
55,6,nanodegree,0.847558343383292,keybert
55,7,nanodegrees,0.8424025623721305,keybert
55,8,founder,0.8390834105675947,keybert
55,9,programming,0.835068823089933,keybert
55,10,stanford,0.8328175820276867,keybert
56,1,driverless,0.879462796045051,keybert
56,2,autonomous,0.8678573751843822,keybert
56,3,auto,0.8550047395722742,keybert
56,4,automotive,0.8535079587169095,keybert
56,5,vehicles,0.8519833527746653,keybert
56,6,driving,0.8518937277219929,keybert
56,7,cars,0.8440631362690629,keybert
56,8,vehicle,0.8351738351989151,keybert
56,9,drivers,0.8347990795065714,keybert
56,10,car,0.8346717714462174,keybert
57,1,uber,0.886359560205278,keybert
57,2,didi,0.8769557167390591,keybert
57,3,ubers,0.8708136226560355,keybert
57,4,didis,0.8430723060393124,keybert
57,5,ridesharing,0.8425935254637682,keybert
57,6,lyft,0.8390382662476363,keybert
57,7,driverless,0.834215202333334,keybert
57,8,drivers,0.831661834430346,keybert
57,9,china,0.8273141306652384,keybert
57,10,ridehailing,0.8228811242260187,keybert
58,1,driverless,0.871249793796275,keybert
58,2,driving,0.8464022645994883,keybert
58,3,autonomous,0.8436793911066207,keybert
58,4,cars,0.8337617110049113,keybert
58,5,drive,0.8325367456011549,keybert
58,6,vehicles,0.8318000191987218,keybert
58,7,car,0.8261065426567015,keybert
58,8,drivers,0.8254561301995953,keybert
58,9,vehicle,0.8226795483767024,keybert
58,10,consumers,0.815574429402517,keybert
59,1,mapping,0.8830633974165415,keybert
59,2,deepmap,0.861734927589137,keybert
59,3,maps,0.8607369675348193,keybert
59,4,mapbox,0.8606499311520185,keybert
59,5,roads,0.8579430289689287,keybert
59,6,driving,0.8577370348330494,keybert
59,7,gps,0.8564632866001753,keybert
59,8,vehicles,0.8479597686154189,keybert
59,9,navigation,0.8468781392937152,keybert
59,10,traffic,0.844278078228075,keybert
60,1,uber,0.8813474070191903,keybert
60,2,ubers,0.8652562593295801,keybert
60,3,arizona,0.8275276612073065,keybert
60,4,driver,0.801383528076891,keybert
60,5,crash,0.7988972447255346,keybert
60,6,cars,0.7970043430966486,keybert
60,7,vehicles,0.7955972885116722,keybert
60,8,arizonas,0.7938233523604071,keybert
60,9,autonomous,0.7923291197737868,keybert
60,10,phoenix,0.7845701586503537,keybert
61,1,5g,0.8412715428939919,keybert
61,2,technology,0.8275647945262251,keybert
61,3,hilltv,0.821485650016677,keybert
61,4,boundless,0.8191385005148121,keybert
61,5,hilltvs,0.8107316373416807,keybert
61,6,smart,0.7995520746391155,keybert
61,7,television,0.793468424630376,keybert
61,8,telecom,0.792963946962587,keybert
61,9,mobilitys,0.7877962451396836,keybert
61,10,innovation,0.7850170285030685,keybert
62,1,autonomous,0.8448267164157872,keybert
62,2,drove,0.8435729126324446,keybert
62,3,driving,0.8407358575991205,keybert
62,4,driven,0.8351565378583595,keybert
62,5,vehicles,0.8258260432829065,keybert
62,6,dmv,0.8251067227206247,keybert
62,7,reported,0.8234290717752255,keybert
62,8,disengagement,0.820096270648239,keybert
62,9,disengagements,0.8171913778996627,keybert
62,10,cars,0.8145871566725109,keybert
63,1,cruise,0.8465919908370989,keybert
63,2,softbank,0.8277911814560596,keybert
63,3,invest,0.8275787589954209,keybert
63,4,vehicles,0.8263299510744002,keybert
63,5,cruises,0.8251740696807253,keybert
63,6,investments,0.824265011596547,keybert
63,7,automakers,0.8238654487527428,keybert
63,8,investment,0.8235401553383818,keybert
63,9,softbanks,0.8206948937893408,keybert
63,10,vehicle,0.8166853119430361,keybert
64,1,trump,0.8793244904031036,keybert
64,2,lawmakers,0.8600210613530991,keybert
64,3,republicans,0.8583632615236533,keybert
64,4,news,0.8549222408818339,keybert
64,5,trumps,0.8527797505373024,keybert
64,6,gop,0.8524422410020388,keybert
64,7,congress,0.8522817926065477,keybert
64,8,republican,0.8518136509992621,keybert
64,9,democrats,0.8489336155625531,keybert
64,10,senate,0.8404107010166754,keybert
65,1,uber,0.8961975943771987,keybert
65,2,ubers,0.8886882418456868,keybert
65,3,driving,0.8404608362949808,keybert
65,4,drivers,0.8374332031386893,keybert
65,5,vehicles,0.8235697697497818,keybert
65,6,autonomous,0.8223166012285056,keybert
65,7,driver,0.8219632509519339,keybert
65,8,cars,0.8176826182669521,keybert
65,9,transportation,0.8136074987446836,keybert
65,10,roads,0.8040970048338356,keybert
66,1,roborace,0.8975657323370306,keybert
66,2,roboraces,0.8901031536375846,keybert
66,3,driverless,0.8747346161069943,keybert
66,4,autonomous,0.8679568869970556,keybert
66,5,robocar,0.8661821162343837,keybert
66,6,racing,0.850088149116231,keybert
66,7,racecar,0.8490914008934142,keybert
66,8,cars,0.8461066368865294,keybert
66,9,devbots,0.8455617022788,keybert
66,10,car,0.840610499700848,keybert
67,1,uber,0.867356804257033,keybert
67,2,volvo,0.8617162310153648,keybert
67,3,ubers,0.8560894530671215,keybert
67,4,volvos,0.8544887386678641,keybert
67,5,driverless,0.8454669536319909,keybert
67,6,vehicles,0.827874096602282,keybert
67,7,lyft,0.8230254555360894,keybert
67,8,autonomous,0.8195590463246526,keybert
67,9,drivers,0.8131579918950199,keybert
67,10,cars,0.8126863383128057,keybert
68,1,softbank,0.8818285191679935,keybert
68,2,softbanks,0.8724706424186588,keybert
68,3,uber,0.8550088511423539,keybert
68,4,investments,0.8398140680552808,keybert
68,5,invested,0.8332087164844815,keybert
68,6,investment,0.8319746203908547,keybert
68,7,billionsoftbanks,0.8270936317341029,keybert
68,8,fund,0.8189764031655766,keybert
68,9,toyota,0.8186952605454637,keybert
68,10,funding,0.8101453423964063,keybert
69,1,uber,0.86382038278118,keybert
69,2,indictment,0.8408990799435501,keybert
69,3,google,0.8314967700014995,keybert
69,4,charged,0.8221026941536065,keybert
69,5,googles,0.8147350716734792,keybert
69,6,theft,0.8142217756298638,keybert
69,7,criminal,0.8128034806706959,keybert
69,8,prosecutors,0.8120080768791793,keybert
69,9,guilty,0.8085011813049796,keybert
69,10,charges,0.8076795672088861,keybert
-1,1,of,0.01153338539659525,mmr
-1,2,for,0.00912267601532672,mmr
-1,3,it,0.008051674305994804,mmr
-1,4,will,0.007170272827662764,mmr
-1,5,autonomous,0.006783434761827434,mmr
-1,6,selfdriving,0.006649544854387635,mmr
-1,7,car,0.0066129683926547085,mmr
-1,8,vehicles,0.006357182747072287,mmr
-1,9,has,0.006201386043252853,mmr
-1,10,more,0.006151473757989628,mmr
0,1,tesla,0.0350970339160019,mmr
0,2,autopilot,0.023385852756810994,mmr
0,3,musk,0.019369562776134115,mmr
0,4,that,0.01089249307211364,mmr
0,5,driver,0.009447282822305045,mmr
0,6,system,0.008792931639495419,mmr
0,7,car,0.008264215587685156,mmr
0,8,crash,0.007829397250300253,mmr
0,9,will,0.007065454963469751,mmr
0,10,has,0.006967487202037956,mmr
1,1,waymo,0.034828671971103405,mmr
1,2,selfdriving,0.014842360744605917,mmr
1,3,to,0.0120125856529963,mmr
1,4,krafcik,0.011745370799611932,mmr
1,5,phoenix,0.011177454995913931,mmr
1,6,google,0.0103940261843746,mmr
1,7,service,0.009641220977863314,mmr
1,8,chrysler,0.009463387824918774,mmr
1,9,minivans,0.00912305353720302,mmr
1,10,will,0.008126544224332278,mmr
2,1,waymo,0.024039283066165915,mmr
2,2,ubers,0.014770569186420559,mmr
2,3,secrets,0.013403681922172892,mmr
2,4,otto,0.012387712474611928,mmr
2,5,kalanick,0.012255515687478055,mmr
2,6,lawsuit,0.009997215831581294,mmr
2,7,alphabet,0.00983331245458667,mmr
2,8,selfdriving,0.009358124550350377,mmr
2,9,alsup,0.009254970278950895,mmr
2,10,levandowskis,0.0092527700077409,mmr
3,1,to,0.012079527805991672,mmr
3,2,cars,0.011582644687349923,mmr
3,3,is,0.00998886251827923,mmr
3,4,safety,0.009393183640212485,mmr
3,5,selfdriving,0.009093667504558006,mmr
3,6,human,0.008228574246858661,mmr
3,7,autonomous,0.008226440202665245,mmr
3,8,can,0.00770041533776402,mmr
3,9,it,0.007263513612570548,mmr
3,10,drivers,0.00682483119296913,mmr
4,1,think,0.014193014283984007,mmr
4,2,we,0.012943704949059135,mmr
4,3,do,0.011147009821732806,mmr
4,4,have,0.009750607172946756,mmr
4,5,people,0.00951695121110912,mmr
4,6,right,0.009504775249748916,mmr
4,7,like,0.009316420988760949,mmr
4,8,know,0.009080648735440722,mmr
4,9,going,0.008946605097932513,mmr
4,10,dont,0.00826292630153365,mmr
5,1,of,0.01096393550243231,mmr
5,2,and,0.009678038377631646,mmr
5,3,mr,0.007257179113627275,mmr
5,4,new,0.007119416247657459,mmr
5,5,it,0.006728201860286195,mmr
5,6,nyt,0.006694080236578636,mmr
5,7,by,0.006638573393813249,mmr
5,8,facebook,0.0065046333776946404,mmr
5,9,percent,0.006461929446718203,mmr
5,10,trump,0.006421387529982815,mmr
6,1,ubers,0.01619969374201727,mmr
6,2,kalanick,0.013693508498316328,mmr
6,3,company,0.012884892096010968,mmr
6,4,drivers,0.011908226682092479,mmr
6,5,in,0.011502502761985122,mmr
6,6,khosrowshahi,0.009987445157209814,mmr
6,7,at,0.008105033370407059,mmr
6,8,his,0.006838892150488028,mmr
6,9,said,0.006790735428074625,mmr
6,10,investors,0.00668979559482121,mmr
7,1,apple,0.06605324364098086,mmr
7,2,project,0.018225837330025408,mmr
7,3,car,0.014384787514509598,mmr
7,4,titan,0.01362021597153585,mmr
7,5,to,0.012140535043921674,mmr
7,6,selfdriving,0.011206087174597024,mmr
7,7,cook,0.010713647450487324,mmr
7,8,autonomous,0.009655647732486788,mmr
7,9,it,0.008521057072196584,mmr
7,10,california,0.007575517980297696,mmr
8,1,the,0.011829811622692041,mmr
8,2,mobility,0.010234748960903163,mmr
8,3,pm,0.009775853803053392,mmr
8,4,scooters,0.009715400595575246,mmr
8,5,week,0.009021899507198757,mmr
8,6,on,0.007987133831391897,mmr
8,7,electric,0.0075847087613731025,mmr
8,8,new,0.007443519416199578,mmr
8,9,transportation,0.0072627577794208845,mmr
8,10,robotics,0.007089867175186623,mmr
9,1,ammann,0.02100186009611081,mmr
9,2,vogt,0.02082581423735781,mmr
9,3,gms,0.012921293383255253,mmr
9,4,cruises,0.012810023416875121,mmr
9,5,francisco,0.011991260841272524,mmr
9,6,to,0.011941206193795009,mmr
9,7,vehicles,0.011083452398077044,mmr
9,8,autonomous,0.010184338207063177,mmr
9,9,kyle,0.008746310034655883,mmr
9,10,bolt,0.008636447014061325,mmr
10,1,lidar,0.042617094167163604,mmr
10,2,sensors,0.016927559035738633,mmr
10,3,luminar,0.013464931223847048,mmr
10,4,radar,0.011048712592535528,mmr
10,5,velodyne,0.010126070517716483,mmr
10,6,for,0.009362789096835794,mmr
10,7,light,0.009306955372657317,mmr
10,8,laser,0.009006571756537898,mmr
10,9,technology,0.007815759572429637,mmr
10,10,cars,0.007787481619351456,mmr
11,1,ford,0.0449906621832894,mmr
11,2,argo,0.01724866846859528,mmr
11,3,autonomous,0.014217625046327858,mmr
11,4,selfdriving,0.013172247579074472,mmr
11,5,will,0.010274797804707725,mmr
11,6,2021,0.008402334053546666,mmr
11,7,company,0.008378749500826187,mmr
11,8,fields,0.007904954882153392,mmr
11,9,salesky,0.007817010078348573,mmr
11,10,marakby,0.007543663222229228,mmr
12,1,uber,0.0252204688662768,mmr
12,2,pittsburgh,0.023328481445431322,mmr
12,3,selfdriving,0.013667659887441844,mmr
12,4,cars,0.010765357250109586,mmr
12,5,peduto,0.010387025202216023,mmr
12,6,company,0.00880666555928608,mmr
12,7,autonomous,0.008343133548667347,mmr
12,8,said,0.008026327826029338,mmr
12,9,city,0.007691741474560674,mmr
12,10,drivers,0.007232684883518605,mmr
13,1,parking,0.01805296820562855,mmr
13,2,transportation,0.011315629697912832,mmr
13,3,will,0.010174561757566427,mmr
13,4,for,0.00994668759363826,mmr
13,5,more,0.00945805974291821,mmr
13,6,cars,0.00939984149990225,mmr
13,7,urban,0.009194958012026218,mmr
13,8,people,0.008217143196147636,mmr
13,9,space,0.007051658228959521,mmr
13,10,congestion,0.006887123592230818,mmr
14,1,companies,0.011608885143685847,mmr
14,2,will,0.011548719386508553,mmr
14,3,autonomous,0.010312683742592504,mmr
14,4,cars,0.009579881302870614,mmr
14,5,are,0.009510960610071466,mmr
14,6,selfdriving,0.007457873291740732,mmr
14,7,services,0.007063711629544957,mmr
14,8,startups,0.0067841609254784266,mmr
14,9,it,0.006738108514590953,mmr
14,10,mobility,0.006595699758516284,mmr
15,1,car,0.01565437136747934,mmr
15,2,to,0.011008401904347502,mmr
15,3,we,0.00941051067166954,mmr
15,4,be,0.009356899097129716,mmr
15,5,concept,0.00831671982040403,mmr
15,6,like,0.007680082527416716,mmr
15,7,electric,0.007346456443257652,mmr
15,8,future,0.006978748566258289,mmr
15,9,this,0.006976178516540152,mmr
15,10,can,0.006907873615930487,mmr
16,1,mobileye,0.04307276181281313,mmr
16,2,intel,0.03487411145468653,mmr
16,3,delphi,0.02123676243938246,mmr
16,4,shashua,0.012394711074886716,mmr
16,5,to,0.011875209326545486,mmr
16,6,autonomous,0.011647729371784947,mmr
16,7,will,0.011643921307693561,mmr
16,8,selfdriving,0.010358407273191967,mmr
16,9,technology,0.009822911030133689,mmr
16,10,automotive,0.008565433806550334,mmr
17,1,toyota,0.04195045009441406,mmr
17,2,autonomous,0.012559147186867197,mmr
17,3,to,0.012315384178285415,mmr
17,4,ponyai,0.0113935336591069,mmr
17,5,will,0.011356644596748885,mmr
17,6,cars,0.01056822535518722,mmr
17,7,selfdriving,0.01048024266827443,mmr
17,8,tokyo,0.009796474130614017,mmr
17,9,uber,0.008964369653163107,mmr
17,10,technology,0.008765927344647668,mmr
18,1,safety,0.02301381415869102,mmr
18,2,guidelines,0.02175047435472959,mmr
18,3,nhtsa,0.019785629069692282,mmr
18,4,federal,0.01578916069562657,mmr
18,5,foxx,0.014666432174658925,mmr
18,6,selfdriving,0.011866268800249805,mmr
18,7,transportation,0.011422847371612874,mmr
18,8,automakers,0.011023759628916028,mmr
18,9,automated,0.010459549006168588,mmr
18,10,dot,0.009294946526223272,mmr
19,1,lyfts,0.02155662294158669,mmr
19,2,selfdriving,0.014137238163695314,mmr
19,3,to,0.01304631530436672,mmr
19,4,autonomous,0.012676979224808782,mmr
19,5,will,0.012080971504429524,mmr
19,6,nutonomy,0.011537471768377106,mmr
19,7,zimmer,0.011024071245525532,mmr
19,8,cars,0.010991095560732807,mmr
19,9,it,0.00889792680787364,mmr
19,10,partners,0.007715694125186813,mmr
20,1,daimler,0.03926594305660691,mmr
20,2,bmw,0.021590227910478092,mmr
20,3,bosch,0.021015818156032404,mmr
20,4,mercedesbenz,0.015330813899973046,mmr
20,5,will,0.010624614460651424,mmr
20,6,autonomous,0.00993751067937196,mmr
20,7,carmakers,0.009656594572400612,mmr
20,8,parking,0.009624357408756523,mmr
20,9,zetsche,0.009004019980383079,mmr
20,10,froehlich,0.00853422342999734,mmr
21,1,legislation,0.021787256803241395,mmr
21,2,safety,0.019212104267082437,mmr
21,3,selfdriving,0.014377225889764042,mmr
21,4,commerce,0.013455526150309706,mmr
21,5,to,0.013108136694338584,mmr
21,6,lawmakers,0.012518839904579977,mmr
21,7,states,0.009496119251615,mmr
21,8,democrats,0.009266287854765232,mmr
21,9,automakers,0.00884742379226301,mmr
21,10,hill,0.008838919106940799,mmr
22,1,groceries,0.01587232872879044,mmr
22,2,ferguson,0.015173432837703383,mmr
22,3,nuros,0.014605953182437383,mmr
22,4,to,0.012616824368924008,mmr
22,5,walmart,0.011290937009926356,mmr
22,6,deliveries,0.010844729966361981,mmr
22,7,starship,0.009800289460966546,mmr
22,8,vehicles,0.00965633009840885,mmr
22,9,autonomous,0.0096169355333588,mmr
22,10,r1,0.008823794006356777,mmr
23,1,optimus,0.01597700411804147,mmr
23,2,driverless,0.013044647476878762,mmr
23,3,london,0.012922242905089407,mmr
23,4,trials,0.011561130474025802,mmr
23,5,public,0.011063704705144273,mmr
23,6,is,0.009271712770122438,mmr
23,7,vehicle,0.009206661325683279,mmr
23,8,shuttle,0.009041851300335487,mmr
23,9,selfdriving,0.008021998787285699,mmr
23,10,buses,0.007813789851252985,mmr
24,1,nvidia,0.06413497387165287,mmr
24,2,px,0.020126365769646503,mmr
24,3,huang,0.01701163666800451,mmr
24,4,platform,0.01643030114319989,mmr
24,5,volvo,0.014204691108837967,mmr
24,6,autonomous,0.013723477692852499,mmr
24,7,pegasus,0.011891549922966578,mmr
24,8,driving,0.011055471457137728,mmr
24,9,ai,0.010054747371572578,mmr
24,10,zf,0.009968256951456655,mmr
25,1,dmv,0.03787533470566316,mmr
25,2,california,0.029931941683327055,mmr
25,3,francisco,0.01952009715968135,mmr
25,4,ubers,0.018124968873278868,mmr
25,5,vehicles,0.015509794662437038,mmr
25,6,autonomous,0.014361515345742643,mmr
25,7,test,0.01153056594882297,mmr
25,8,permits,0.010206837644704482,mmr
25,9,letter,0.010141753232058537,mmr
25,10,pilot,0.009375769752393312,mmr
26,1,vw,0.046058626627256745,mmr
26,2,argo,0.01831821559206453,mmr
26,3,alliance,0.01635566216641332,mmr
26,4,billion,0.01501444677774895,mmr
26,5,diess,0.014885944803417737,mmr
26,6,will,0.010862537346516061,mmr
26,7,europe,0.010357993608013042,mmr
26,8,fords,0.009696333935486637,mmr
26,9,autonomous,0.00907927236244467,mmr
26,10,automakers,0.007946705598371549,mmr
27,1,trump,0.015496216864853427,mmr
27,2,house,0.014868533022276835,mmr
27,3,read,0.011955038498053992,mmr
27,4,senate,0.011793299951314963,mmr
27,5,lawmakers,0.0112776589816272,mmr
27,6,hill,0.010138909336811218,mmr
27,7,fcc,0.00909254542124571,mmr
27,8,democrats,0.00897705034400073,mmr
27,9,privacy,0.007492001326783495,mmr
27,10,tech,0.00733122410379874,mmr
28,1,jobs,0.012475683449159067,mmr
28,2,embark,0.01226409049313766,mmr
28,3,are,0.010761443447598107,mmr
28,4,truckers,0.010216596457453628,mmr
28,5,driver,0.009025935756192859,mmr
28,6,selfdriving,0.008689492075125779,mmr
28,7,autonomous,0.00843418724781589,mmr
28,8,technology,0.008035839101554166,mmr
28,9,freight,0.007531298227630614,mmr
28,10,rodrigues,0.007118096974535995,mmr
29,1,baidu,0.07732400000875572,mmr
29,2,apollo,0.03939576749610245,mmr
29,3,autonomous,0.019914860020444385,mmr
29,4,platform,0.017325031124329253,mmr
29,5,beijing,0.01551811879160652,mmr
29,6,selfdriving,0.013675794671760373,mmr
29,7,vehicles,0.013476406827898423,mmr
29,8,li,0.013033207072789627,mmr
29,9,has,0.011685036959429214,mmr
29,10,partners,0.01028227443790393,mmr
30,1,hyundai,0.04317480026938787,mmr
30,2,yandex,0.03579508132985145,mmr
30,3,samsung,0.023594083232418833,mmr
30,4,aptiv,0.014731036583429873,mmr
30,5,autonomous,0.01407471033203511,mmr
30,6,selfdriving,0.013977160663302199,mmr
30,7,technology,0.011566762372967642,mmr
30,8,moscow,0.009989006727848013,mmr
30,9,driverless,0.009770596128989612,mmr
30,10,seoul,0.009471979450778437,mmr
31,1,lyfts,0.021522891380314043,mmr
31,2,uber,0.019181784406527302,mmr
31,3,ipo,0.019120216952133787,mmr
31,4,million,0.012396850975031522,mmr
31,5,investors,0.010297889581760963,mmr
31,6,public,0.009768123984653241,mmr
31,7,ridehailing,0.009323438220147051,mmr
31,8,share,0.00888657961402251,mmr
31,9,revenue,0.008718843707915707,mmr
31,10,year,0.007486772383225129,mmr
32,1,otto,0.032346151760419495,mmr
32,2,trucking,0.025663438850983183,mmr
32,3,selfdriving,0.017057889109871462,mmr
32,4,ron,0.012968071131047292,mmr
32,5,company,0.011406655764425297,mmr
32,6,ubers,0.011184308311613779,mmr
32,7,convoy,0.010680143615428846,mmr
32,8,colorado,0.00932367590034548,mmr
32,9,shippers,0.008715106873581001,mmr
32,10,autonomous,0.007792880583879069,mmr
33,1,google,0.030319139805809598,mmr
33,2,alphabets,0.01254308683580363,mmr
33,3,business,0.011689601870098355,mmr
33,4,and,0.011573811876530095,mmr
33,5,pichai,0.011554965059556046,mmr
33,6,youtube,0.01124826147542442,mmr
33,7,billion,0.0101686946955092,mmr
33,8,brin,0.009832229286265119,mmr
33,9,earnings,0.009742050102974582,mmr
33,10,mr,0.009072512076337804,mmr
34,1,flying,0.026648015586996827,mmr
34,2,aircraft,0.012668485750786539,mmr
34,3,to,0.011747823012016403,mmr
34,4,dubai,0.009880573758908289,mmr
34,5,travel,0.009269860047884812,mmr
34,6,drones,0.007997921332268561,mmr
34,7,hawk,0.00790962029247251,mmr
34,8,cars,0.00790702494434283,mmr
34,9,passenger,0.007231480232875536,mmr
34,10,airbus,0.007160421564056716,mmr
35,1,bus,0.029097356099943544,mmr
35,2,googles,0.023279708062733804,mmr
35,3,car,0.020837459616596637,mmr
35,4,the,0.016707791531674412,mmr
35,5,selfdriving,0.012731873711970763,mmr
35,6,accident,0.01155559380864743,mmr
35,7,lane,0.010467053293125073,mmr
35,8,patent,0.009818432616055117,mmr
35,9,miles,0.009678820854357747,mmr
35,10,report,0.009241098040038026,mmr
36,1,aurora,0.0579187545983529,mmr
36,2,urmson,0.0304632761988281,mmr
36,3,fca,0.013854932263662342,mmr
36,4,fiat,0.012768163549996993,mmr
36,5,volkswagen,0.010995652096023253,mmr
36,6,hyundai,0.010765595155595357,mmr
36,7,amazon,0.010413436146454652,mmr
36,8,autonomous,0.009822550839887841,mmr
36,9,anderson,0.00954747068009104,mmr
36,10,partnership,0.008525945593319728,mmr
37,1,electric,0.020097550840080598,mmr
37,2,oil,0.0134694460791899,mmr
37,3,the,0.012929465383196457,mmr
37,4,charging,0.012388623348200848,mmr
37,5,will,0.011297233432009106,mmr
37,6,sales,0.01016148079818718,mmr
37,7,automakers,0.009452314692316055,mmr
37,8,industry,0.00906320882521789,mmr
37,9,evs,0.007660414208970019,mmr
37,10,demand,0.007374598623133022,mmr
38,1,ford,0.056108949034231366,mmr
38,2,hackett,0.028261055265058104,mmr
38,3,fields,0.02321366920676994,mmr
38,4,business,0.009029730051337169,mmr
38,5,jim,0.00894948507158413,mmr
38,6,mobility,0.008764555539667799,mmr
38,7,percent,0.008712675820525543,mmr
38,8,ceo,0.008514554855526199,mmr
38,9,it,0.00848770575207573,mmr
38,10,automaker,0.007705392427095144,mmr
39,1,gm,0.054536314664954365,mmr
39,2,barra,0.022108803246778115,mmr
39,3,electric,0.015379730791458093,mmr
39,4,plant,0.013473455479282533,mmr
39,5,said,0.012298605685313027,mmr
39,6,has,0.009247454699999342,mmr
39,7,vehicles,0.00896844158488653,mmr
39,8,new,0.008220908100991313,mmr
39,9,workers,0.00812737193773818,mmr
39,10,billion,0.00808667462896905,mmr
40,1,singapore,0.06477575879213222,mmr
40,2,nutonomy,0.05144733949616803,mmr
40,3,selfdriving,0.015334600855677925,mmr
40,4,will,0.013769980378317304,mmr
40,5,test,0.01083066263664701,mmr
40,6,iagnemma,0.009818927206386108,mmr
40,7,public,0.009688921439365556,mmr
40,8,driverless,0.00959955339398387,mmr
40,9,taxis,0.00959572684475761,mmr
40,10,technology,0.008937701277612878,mmr
41,1,china,0.030931538630991826,mmr
41,2,cars,0.010584351935172374,mmr
41,3,baidu,0.010253101327776598,mmr
41,4,autonomous,0.00976627735416023,mmr
41,5,is,0.00966202074775257,mmr
41,6,from,0.007918245069901828,mmr
41,7,electric,0.00788082012859075,mmr
41,8,companies,0.007489750538943969,mmr
41,9,market,0.007412657492332114,mmr
41,10,tencent,0.007369470858232787,mmr
42,1,jacobs,0.0587190962799713,mmr
42,2,letter,0.04156439412902829,mmr
42,3,uber,0.0342946445859582,mmr
42,4,waymo,0.01519300502465732,mmr
42,5,padilla,0.013829577328662745,mmr
42,6,secrets,0.013785789688100495,mmr
42,7,alsup,0.01197500322715123,mmr
42,8,testified,0.011409068006150094,mmr
42,9,wickr,0.011037544315156213,mmr
42,10,competitors,0.010462028936318762,mmr
43,1,nissan,0.024503006907835648,mmr
43,2,level,0.018739881900536562,mmr
43,3,driving,0.017913077939332344,mmr
43,4,propilot,0.01693164705771013,mmr
43,5,will,0.014315738272311616,mmr
43,6,a8,0.012790810661297978,mmr
43,7,autonomous,0.012708776610565346,mmr
43,8,audis,0.012405031737603182,mmr
43,9,steering,0.008419865661396353,mmr
43,10,technology,0.008113989392372747,mmr
44,1,dominos,0.03966409496265722,mmr
44,2,postmates,0.0211270319378963,mmr
44,3,fords,0.014194394021261152,mmr
44,4,vehicles,0.013352896032549695,mmr
44,5,will,0.01328860218038763,mmr
44,6,autonomous,0.013185320303934595,mmr
44,7,deliveries,0.011900623063252729,mmr
44,8,marakby,0.011701837860859717,mmr
44,9,miami,0.01077275630275947,mmr
44,10,walmart,0.010561158570802262,mmr
45,1,ntsb,0.03793969441607407,mmr
45,2,safety,0.03132494274606378,mmr
45,3,uber,0.023302809758769742,mmr
45,4,herzberg,0.02063596759397501,mmr
45,5,arizona,0.01405426040810815,mmr
45,6,braking,0.013799843929503513,mmr
45,7,pedestrian,0.013057275809049534,mmr
45,8,bicycle,0.012632362030303223,mmr
45,9,seconds,0.012343646139440305,mmr
45,10,killed,0.011289009993289904,mmr
46,1,volvo,0.05133137847331116,mmr
46,2,360c,0.01453995587091547,mmr
46,3,autonomous,0.014478848345060493,mmr
46,4,to,0.012942070089545182,mmr
46,5,samuelsson,0.012500589497558898,mmr
46,6,driving,0.011475306951163118,mmr
46,7,will,0.01022684619086635,mmr
46,8,veoneer,0.010102376586883606,mmr
46,9,gothenburg,0.008913366895581108,mmr
46,10,xc90,0.007723841247455049,mmr
47,1,tempe,0.03740876745608133,mmr
47,2,police,0.02585099425953602,mmr
47,3,uber,0.023726255743952446,mmr
47,4,herzberg,0.021387636653495225,mmr
47,5,arizona,0.019880880300057347,mmr
47,6,accident,0.017217164957295934,mmr
47,7,selfdriving,0.016665559132919987,mmr
47,8,pedestrian,0.013603856723186737,mmr
47,9,woman,0.01309402539580325,mmr
47,10,elaine,0.011812570536537009,mmr
48,1,for,0.011926123904721891,mmr
48,2,is,0.011055423450328969,mmr
48,3,million,0.010092157291194835,mmr
48,4,startups,0.008579223234538129,mmr
48,5,raised,0.00786765375729328,mmr
48,6,rank,0.007858741681676874,mmr
48,7,companies,0.006803803467037837,mmr
48,8,new,0.0067918158217754225,mmr
48,9,year,0.006348152681411707,mmr
48,10,linkedin,0.006265818486027574,mmr
49,1,ces,0.027695215298715447,mmr
49,2,will,0.013322956635754439,mmr
49,3,year,0.012676052246236849,mmr
49,4,devices,0.011574769000115736,mmr
49,5,vr,0.011340242676430239,mmr
49,6,see,0.01063847385449374,mmr
49,7,smart,0.010369671207481508,mmr
49,8,new,0.009793276022728888,mmr
49,9,google,0.00933786469165293,mmr
49,10,tech,0.008119814045140322,mmr
50,1,ups,0.05952044693143423,mmr
50,2,usps,0.01666690087046754,mmr
50,3,autonomous,0.013743352169846486,mmr
50,4,tusimples,0.011749803460453245,mmr
50,5,packages,0.011724107819837824,mmr
50,6,selfdriving,0.011342676949703468,mmr
50,7,tucson,0.010749485932416952,mmr
50,8,sina,0.010212011635796105,mmr
50,9,trucking,0.009452029364933116,mmr
50,10,routes,0.009244840895710425,mmr
51,1,moral,0.026524670085840796,mmr
51,2,trolley,0.019900314152863956,mmr
51,3,decisions,0.013256455994975958,mmr
51,4,problem,0.011866596341062787,mmr
51,5,should,0.01166025869280756,mmr
51,6,ethics,0.010300016657797742,mmr
51,7,cars,0.00968539514055001,mmr
51,8,study,0.009024674645711285,mmr
51,9,they,0.008705224641370949,mmr
51,10,programmed,0.008471092815061778,mmr
52,1,vegas,0.03697934810523835,mmr
52,2,lyft,0.021747380202967785,mmr
52,3,easymile,0.021375421445204452,mmr
52,4,shuttles,0.017014956303033155,mmr
52,5,rides,0.016711747902788093,mmr
52,6,selfdriving,0.014541089801475135,mmr
52,7,keolis,0.011159299788061506,mmr
52,8,nhtsa,0.010221414752940873,mmr
52,9,autonomous,0.009604756640357915,mmr
52,10,passenger,0.008951936608510703,mmr
53,1,intel,0.024557998701872422,mmr
53,2,nvidia,0.02242993046746609,mmr
53,3,mad,0.016872390562333885,mmr
53,4,stock,0.015397818741962563,mmr
53,5,cramers,0.012996289079811759,mmr
53,6,earnings,0.012331655224330145,mmr
53,7,percent,0.011170135747826706,mmr
53,8,said,0.011113971071694666,mmr
53,9,amd,0.009480387378770898,mmr
53,10,krzanich,0.008842089882328432,mmr
54,1,dmv,0.02254585468285995,mmr
54,2,regulations,0.019737470210273198,mmr
54,3,companies,0.0144328396722697,mmr
54,4,proposed,0.014348586836468903,mmr
54,5,roads,0.01366148270074228,mmr
54,6,driverless,0.013115011278857856,mmr
54,7,californias,0.013056728877368686,mmr
54,8,selfdriving,0.012411425441112522,mmr
54,9,federal,0.011235145084297168,mmr
54,10,test,0.010189851861109933,mmr
55,1,udacity,0.058013552407545764,mmr
55,2,thrun,0.048503152884988514,mmr
55,3,sebastian,0.014398639590286455,mmr
55,4,courses,0.012481412509641245,mmr
55,5,selfdriving,0.011432577655843502,mmr
55,6,graduates,0.010410924122599818,mmr
55,7,new,0.009647544363790365,mmr
55,8,his,0.009006946679485168,mmr
55,9,google,0.008868044194598225,mmr
55,10,nanodegrees,0.008544342039993045,mmr
56,1,michigan,0.019473691829808584,mmr
56,2,phantom,0.01817756295068615,mmr
56,3,mcity,0.015461647308512818,mmr
56,4,testing,0.012344674123290692,mmr
56,5,to,0.010897218261674361,mmr
56,6,selfdriving,0.009455579271828852,mmr
56,7,center,0.009309281950194176,mmr
56,8,ann,0.009152972950521188,mmr
56,9,auto,0.008974026517075287,mmr
56,10,teleoperation,0.00817900031295252,mmr
57,1,didi,0.08525632994866418,mmr
57,2,chuxing,0.023185848713575232,mmr
57,3,company,0.014536100709035665,mmr
57,4,has,0.011791468442675366,mmr
57,5,uber,0.01156074820481856,mmr
57,6,ridehailing,0.01032691776776386,mmr
57,7,service,0.009982481882701887,mmr
57,8,shanghai,0.009946913668783133,mmr
57,9,investment,0.008795255477727802,mmr
57,10,apple,0.008578948452939586,mmr
58,1,percent,0.03902216054364384,mmr
58,2,americans,0.017430725640393916,mmr
58,3,selfdriving,0.015828552657656213,mmr
58,4,respondents,0.01569737994943114,mmr
58,5,vehicles,0.01164455134515067,mmr
58,6,autonomous,0.011167525304965616,mmr
58,7,driverless,0.011064793419056676,mmr
58,8,would,0.010957857397659804,mmr
58,9,the,0.010860167907244086,mmr
58,10,technology,0.010597667525433061,mmr
59,1,mapping,0.021139809349602776,mmr
59,2,data,0.01922789111924447,mmr
59,3,navigation,0.012076817162877071,mmr
59,4,gps,0.011439504836582168,mmr
59,5,google,0.010936428996212336,mmr
59,6,cars,0.009748976743974106,mmr
59,7,it,0.00947343906411728,mmr
59,8,road,0.008731882242508463,mmr
59,9,apple,0.00840738692659226,mmr
59,10,can,0.008066915868702552,mmr
60,1,arizona,0.041594278713190456,mmr
60,2,uber,0.03739888109541485,mmr
60,3,ducey,0.02641607199210914,mmr
60,4,testing,0.02409806779558909,mmr
60,5,selfdriving,0.021302646274903712,mmr
60,6,governor,0.013919157368124144,mmr
60,7,tempe,0.013365661534878236,mmr
60,8,accident,0.011298612900969915,mmr
60,9,cars,0.010484093506195773,mmr
60,10,san,0.010355786316901186,mmr
61,1,boundless,0.11736207142414712,mmr
61,2,aired,0.09559447028028052,mmr
61,3,hilltv,0.050868967284906065,mmr
61,4,interview,0.04947919238876672,mmr
61,5,smart,0.0470787934892671,mmr
61,6,technology,0.03947998132410923,mmr
61,7,reality,0.02308534139664044,mmr
61,8,wolski,0.019711247548064716,mmr
61,9,farmers,0.01688728052795894,mmr
61,10,justin,0.016797515959262564,mmr
62,1,miles,0.05265364482710723,mmr
62,2,disengagement,0.0396768200370486,mmr
62,3,california,0.023129198719616263,mmr
62,4,reports,0.017725526517754827,mmr
62,5,waymo,0.015475512160254478,mmr
62,6,selfdriving,0.014554557978693764,mmr
62,7,drove,0.01356127311085547,mmr
62,8,test,0.011533089610949157,mmr
62,9,autonomous,0.01078311314830814,mmr
62,10,dmv,0.01022164864923019,mmr
63,1,cruise,0.052350056743984616,mmr
63,2,gm,0.0399925302083477,mmr
63,3,honda,0.029226380395515155,mmr
63,4,fund,0.016712171538729205,mmr
63,5,cfius,0.013385725184333447,mmr
63,6,ammann,0.012346410735735105,mmr
63,7,deal,0.01154251306756287,mmr
63,8,softbanks,0.011286269145052912,mmr
63,9,technology,0.010719426292831928,mmr
63,10,vogt,0.009919368667438887,mmr
64,1,senate,0.012109640715273248,mmr
64,2,democrats,0.010290635840615295,mmr
64,3,tax,0.00925400239924719,mmr
64,4,federal,0.00894490943700605,mmr
64,5,hill,0.008665937013451969,mmr
64,6,trumps,0.008588955954480032,mmr
64,7,epa,0.007353116193965042,mmr
64,8,has,0.007312218096480538,mmr
64,9,impeachment,0.007211380753235962,mmr
64,10,report,0.007134734015993542,mmr
65,1,uber,0.028816883618092697,mmr
65,2,safety,0.023190457580813267,mmr
65,3,testing,0.019561597427373317,mmr
65,4,pittsburgh,0.018367029090974287,mmr
65,5,selfdriving,0.018125513185819203,mmr
65,6,arizona,0.015788711313201035,mmr
65,7,crash,0.015451204810615866,mmr
65,8,tempe,0.012544816122555355,mmr
65,9,meyhofer,0.011370950353827965,mmr
65,10,mode,0.01108078838629849,mmr
66,1,roborace,0.06668799747954142,mmr
66,2,formula,0.03918397783478766,mmr
66,3,racing,0.03198490134564291,mmr
66,4,series,0.024987451774837136,mmr
66,5,devbot,0.019044664716075455,mmr
66,6,lap,0.012734786557649619,mmr
66,7,simon,0.01226071319273744,mmr
66,8,car,0.011790137429132425,mmr
66,9,autonomous,0.011374596880768428,mmr
66,10,schachter,0.010077428042480406,mmr
67,1,volvo,0.04559820571982562,mmr
67,2,xc90,0.023513800560277163,mmr
67,3,selfdriving,0.020722177117917955,mmr
67,4,ubers,0.017590019112054506,mmr
67,5,meyhofer,0.014376737278120425,mmr
67,6,fleet,0.012414900525131374,mmr
67,7,deploy,0.011215460079191851,mmr
67,8,pittsburgh,0.010978214833375178,mmr
67,9,24000,0.01087737694015861,mmr
67,10,arizona,0.009333622559218843,mmr
68,1,total,0.020732954428948035,mmr
68,2,toyota,0.017843925346252305,mmr
68,3,monet,0.014427230116217507,mmr
68,4,invested,0.014241032191410196,mmr
68,5,softbanks,0.013004832798125329,mmr
68,6,valuation,0.012440668727114152,mmr
68,7,funding,0.011691703657228623,mmr
68,8,roundtotal,0.011558498169424862,mmr
68,9,sons,0.011048203687192127,mmr
68,10,companies,0.010569013439808714,mmr
69,1,levandowski,0.05996788941744929,mmr
69,2,theft,0.02454764287330903,mmr
69,3,indictment,0.02322193841703285,mmr
69,4,uber,0.023178579179694483,mmr
69,5,anthony,0.022910493499063878,mmr
69,6,waymo,0.016032735262224092,mmr
69,7,selfdriving,0.012802846562500253,mmr
69,8,us,0.011831118249266576,mmr
69,9,of,0.011346243201653214,mmr
69,10,attorneys,0.011210627898420778,mmr
