topic_id,keyword_label,count,manual_label,evidence_notes
-1,-1_cars_autonomous_car_selfdriving,1256,,
0,0_tesla_autopilot_musk_teslas,542,,
1,1_waymo_waymos_krafcik_selfdriving,441,,
2,2_levandowski_uber_waymo_ubers,339,,
3,3_cars_safety_human_vehicles,315,,
4,4_think_right_yeah_know,243,,
5,5_nyt_mr_facebook_trump,224,,
6,6_uber_ubers_kalanick_drivers,173,,
7,7_apple_apples_project_titan,161,,
8,8_pm_scooters_mobility_week,137,,
9,9_cruise_gm_ammann_vogt,126,,
10,10_lidar_sensors_luminar_sensor,121,,
11,11_ford_argo_fords_autonomous,119,,
12,12_pittsburgh_uber_ubers_selfdriving,118,,
13,13_cities_parking_city_transportation,108,,
14,14_companies_car_autonomous_vehicles,108,,
15,15_car_concept_electric_ces,108,,
16,16_mobileye_intel_delphi_mobileyes,107,,
17,17_toyota_ponyai_toyotas_autonomous,95,,
18,18_guidelines_safety_nhtsa_foxx,94,,
19,19_lyft_lyfts_nutonomy_zimmer,92,,
20,20_daimler_bosch_bmw_mercedesbenz,92,,
21,21_legislation_senate_safety_house,85,,
22,22_nuro_delivery_grocery_kroger,80,,
23,23_optimus_bus_uk_london,76,,
24,24_nvidia_nvidias_px_drive,75,,
25,25_dmv_permit_uber_california,73,,
26,26_vw_ford_volkswagen_electric,72,,
27,27_trump_house_read_committee,70,,
28,28_trucks_truck_trucking_drivers,66,,
29,29_baidu_apollo_baidus_chinese,64,,
30,30_hyundai_yandex_samsung_south,63,,
31,31_lyft_lyfts_ipo_uber,60,,
32,32_otto_trucks_truck_freight,59,,
33,33_google_alphabet_revenue_growth,54,,
34,34_flying_aircraft_air_flight,54,,
35,35_bus_google_googles_car,51,,
36,36_aurora_urmson_auroras_fca,50,,
37,37_electric_oil_charging_vehicles,50,,
38,38_ford_hackett_fords_fields,47,,
39,39_gm_barra_gms_electric,47,,
40,40_singapore_nutonomy_grab_singapores,47,,
41,41_china_chinese_chinas_beijing,45,,
42,42_jacobs_letter_uber_ubers,45,,
43,43_audi_nissan_level_propilot,43,,
44,44_delivery_pizza_dominos_ford,42,,
45,45_ntsb_crash_safety_herzberg,42,,
46,46_volvo_volvos_360c_samuelsson,41,,
47,47_tempe_police_herzberg_uber,40,,
48,48_million_startups_rank_startup,36,,
49,49_ces_vr_devices_year,35,,
50,50_tusimple_ups_trucks_usps,35,,
51,51_moral_trolley_ethical_decisions,34,,
52,52_shuttle_vegas_las_aptiv,34,,
53,53_cramer_intel_nvidia_mad,34,,
54,54_california_dmv_regulations_vehicles,33,,
55,55_udacity_thrun_nanodegree_students,33,,
56,56_remote_michigan_phantom_mcity,32,,
57,57_didi_chuxing_didis_china,32,,
58,58_percent_survey_poll_americans,32,,
59,59_maps_mapping_map_data,32,,
60,60_arizona_uber_ducey_testing,31,,
61,61_boundless_aired_hilltvs_5g,30,,
62,62_miles_disengagements_disengagement_california,30,,
63,63_cruise_gm_softbank_honda,27,,
64,64_trump_house_senate_democrats,27,,
65,65_uber_safety_pittsburgh_testing,27,,
66,66_roborace_formula_racing_series,26,,
67,67_volvo_uber_xc90_selfdriving,26,,
68,68_softbank_billion_son_investments,26,,
69,69_levandowski_theft_indictment_charges,25,,
