topic_id,rank,term,weight
-1,1,like,0.008639198131571674
-1,2,cars,0.007792761343611319
-1,3,think,0.007520012611667488
-1,4,car,0.007022372171488745
-1,5,autonomous,0.00697854827720662
-1,6,people,0.00683293117710975
-1,7,new,0.00673148376407385
-1,8,just,0.006694537977098263
-1,9,said,0.0064102595004210255
-1,10,selfdriving,0.006392869044401807
0,1,tesla,0.050481480847253665
0,2,autopilot,0.0351885517532121
0,3,musk,0.03036408135095334
0,4,teslas,0.023859408199447783
0,5,model,0.018649492553051695
0,6,driver,0.01327631408345459
0,7,crash,0.012243984430403355
0,8,said,0.011755608948549087
0,9,elon,0.010889173589527228
0,10,car,0.010342061584430594
1,1,waymo,0.046830502369784914
1,2,waymos,0.019336807698602385
1,3,krafcik,0.018426295414258657
1,4,selfdriving,0.017759677389509173
1,5,phoenix,0.017158464992349385
1,6,chrysler,0.014352194667547898
1,7,google,0.014118541370387594
1,8,minivans,0.014079064384533388
1,9,service,0.013710516117714714
1,10,company,0.012653703619530941
2,1,levandowski,0.05267212601654326
2,2,uber,0.038017064482410136
2,3,waymo,0.03191513946360023
2,4,secrets,0.02053084029356886
2,5,ubers,0.020009776644676323
2,6,waymos,0.019691047531273997
2,7,trade,0.019399123951316634
2,8,otto,0.018615898098646635
2,9,files,0.018059589329588316
2,10,court,0.017855869458834783
3,1,cars,0.014988309674585549
3,2,safety,0.013756031088004989
3,3,human,0.012544715721277395
3,4,vehicles,0.01197234913523934
3,5,car,0.01138331883333399
3,6,selfdriving,0.011243014783982631
3,7,driving,0.010839254196421583
3,8,autonomous,0.01058052323105094
3,9,road,0.010299845722126657
3,10,drivers,0.010106177766480309
4,1,uber,0.03572144957240721
4,2,ubers,0.023599677690222313
4,3,kalanick,0.02089344169035238
4,4,drivers,0.016797197608631124
4,5,company,0.016547639553311858
4,6,khosrowshahi,0.016217096500946094
4,7,investors,0.010535062270816223
4,8,billion,0.009565885608035164
4,9,employees,0.009036095876611026
4,10,board,0.008721293277731692
5,1,apple,0.09497483833119567
5,2,apples,0.044464886779359655
5,3,project,0.026849635689006845
5,4,titan,0.02186327593545688
5,5,car,0.01790007123835462
5,6,cook,0.017202573168644233
5,7,iphone,0.015169638856275076
5,8,selfdriving,0.013407363978734464
5,9,company,0.012518806552356657
5,10,autonomous,0.011959340433750305
6,1,tempe,0.03250409970416763
6,2,arizona,0.03241475102795605
6,3,uber,0.03129179970302456
6,4,crash,0.02839728990971668
6,5,police,0.02715521542729553
6,6,testing,0.022935475944485775
6,7,herzberg,0.02062134812126962
6,8,selfdriving,0.02056263102233757
6,9,safety,0.020173538777042116
6,10,ubers,0.017690548343921766
7,1,ford,0.06309752985295085
7,2,fords,0.02649593754576805
7,3,argo,0.0239108923344458
7,4,autonomous,0.016908695091800516
7,5,vehicles,0.016583357158662174
7,6,selfdriving,0.016216554859865197
7,7,vehicle,0.01594817566665674
7,8,2021,0.013216040434506821
7,9,miami,0.013193756890420433
7,10,delivery,0.013187510525416798
8,1,cruise,0.0669434464304379
8,2,gm,0.041736208526391254
8,3,vogt,0.032975516627585445
8,4,ammann,0.03295388347241396
8,5,cruises,0.020600278622774984
8,6,gms,0.01970700617423386
8,7,san,0.01851664963734017
8,8,francisco,0.018117880550879126
8,9,vehicle,0.01461066425660371
8,10,kyle,0.014283428378280541
9,1,lidar,0.06270896970747747
9,2,sensors,0.0250496679852897
9,3,luminar,0.021977177257094825
9,4,sensor,0.019951893574553792
9,5,radar,0.017105307082815678
9,6,russell,0.016257638953149193
9,7,velodyne,0.016184366886057615
9,8,light,0.014336114965264749
9,9,laser,0.014243083430859216
9,10,objects,0.012793280914048308
10,1,scooters,0.0181820107322819
10,2,mobility,0.01680222646238478
10,3,week,0.015019227580253645
10,4,electric,0.012447931086908778
10,5,scooter,0.012254819132267175
10,6,transportation,0.012002109212824382
10,7,new,0.010302351355317301
10,8,startup,0.009093842988474207
10,9,pm,0.008884044048212797
10,10,techcrunch,0.00870862677774108
11,1,car,0.01566586767886013
11,2,companies,0.015635210925637445
11,3,autonomous,0.012372787397935382
11,4,cars,0.011942230511504538
11,5,vehicles,0.011702605368441529
11,6,startups,0.010280803935300169
11,7,services,0.010069256966965695
11,8,mobility,0.009145262732065338
11,9,selfdriving,0.00894526624293944
11,10,software,0.008709726980838902
12,1,cities,0.03112092673705983
12,2,parking,0.028059786644285753
12,3,city,0.022692774274727563
12,4,transportation,0.016858976127717425
12,5,urban,0.01444117128450251
12,6,transit,0.014152148945360555
12,7,cars,0.012053902970152925
12,8,people,0.011410002318120832
12,9,congestion,0.01136324788708237
12,10,space,0.011163806840819938
13,1,mobileye,0.06439316136174565
13,2,intel,0.051422238453742844
13,3,delphi,0.03273326625219809
13,4,mobileyes,0.021599159446199355
13,5,intels,0.01909632081543498
13,6,shashua,0.019080883199891478
13,7,systems,0.014487260245964655
13,8,driving,0.014285017562487023
13,9,autonomous,0.014002567829466678
13,10,chips,0.013459983098721894
14,1,car,0.02197510958000659
14,2,concept,0.014910691189322969
14,3,ces,0.012158722423838498
14,4,design,0.011702403131296371
14,5,cars,0.011686661649498253
14,6,future,0.01126482965451303
14,7,like,0.011047405465346423
14,8,electric,0.01096335257037804
14,9,ff,0.009648243863935289
14,10,interior,0.00959150537263089
15,1,daimler,0.05498875653842349
15,2,bmw,0.03161431601539132
15,3,bosch,0.030173062423459133
15,4,german,0.022109725345106947
15,5,mercedesbenz,0.021655568794892936
15,6,cars,0.01567792091034225
15,7,said,0.014623171288330619
15,8,mercedes,0.014500251562829882
15,9,carmakers,0.014394505061947817
15,10,parking,0.013667128354463983
16,1,lyft,0.06644588869144064
16,2,lyfts,0.03577819554708626
16,3,nutonomy,0.019210426792606525
16,4,zimmer,0.018686575658867697
16,5,selfdriving,0.0178043768008516
16,6,autonomous,0.016489594042708406
16,7,network,0.014352799902810083
16,8,cars,0.014134909332944102
16,9,vehicles,0.012525974372904557
16,10,partners,0.012429844830536973
17,1,guidelines,0.033211148411609874
17,2,safety,0.030612743342185045
17,3,nhtsa,0.0293964622947768
17,4,foxx,0.023452811649604072
17,5,administration,0.022353079071682946
17,6,federal,0.0217992859253125
17,7,vehicles,0.019364110515094506
17,8,guidance,0.017820311264296163
17,9,chao,0.016857699567655364
17,10,rules,0.016534786933045994
18,1,legislation,0.031072127101240087
18,2,senate,0.03017907009727706
18,3,safety,0.025126432031910215
18,4,house,0.023131000827107832
18,5,committee,0.02272149023500708
18,6,congress,0.022399644819371036
18,7,commerce,0.01962642752951409
18,8,federal,0.019516755798057336
18,9,lawmakers,0.01879736367058829
18,10,vehicles,0.016716610171223813
19,1,toyota,0.03553580436612152
19,2,nissan,0.031321012264398825
19,3,driving,0.01878159578739613
19,4,tokyo,0.017131417462800922
19,5,japanese,0.016775279502810863
19,6,autonomous,0.014562243612550763
19,7,propilot,0.014369022313431682
19,8,cars,0.013365458087383517
19,9,vehicle,0.013082950801125981
19,10,nissans,0.012772464278605941
20,1,nuro,0.05850670315970756
20,2,delivery,0.058133757083381574
20,3,grocery,0.03128956201490932
20,4,kroger,0.028624357330419167
20,5,groceries,0.025673181124788783
20,6,ferguson,0.024764385276240454
20,7,nuros,0.02394315093147282
20,8,walmart,0.018106077101944406
20,9,deliveries,0.01726332668875311
20,10,r2,0.017090377117591753
21,1,lyft,0.08144882281193914
21,2,lyfts,0.03201221072732815
21,3,ipo,0.024906261250589885
21,4,uber,0.021866784413703905
21,5,billion,0.01768963329992539
21,6,million,0.017058275818972974
21,7,gm,0.015279896713573361
21,8,company,0.013342210809991794
21,9,ridehailing,0.01333822079131359
21,10,investors,0.01328688207604945
22,1,nvidia,0.09246570837402424
22,2,nvidias,0.055634309640986854
22,3,px,0.03149166839950514
22,4,drive,0.030375678650516613
22,5,huang,0.025549236275704476
22,6,platform,0.02292196491685046
22,7,volvo,0.022608835780558927
22,8,xavier,0.0194592812846406
22,9,pegasus,0.018247031414846095
22,10,autonomous,0.016189844480968284
23,1,vw,0.06564386263754254
23,2,ford,0.048582742620479985
23,3,volkswagen,0.039993482403259756
23,4,electric,0.03114406101611561
23,5,argo,0.02458200181614485
23,6,alliance,0.02385981333635892
23,7,diess,0.022304903512460634
23,8,billion,0.019205183859921798
23,9,vehicles,0.01869965342773995
23,10,said,0.017447953905023683
24,1,dmv,0.05845500347227881
24,2,permit,0.056770697036202716
24,3,uber,0.0432611597351068
24,4,california,0.04313246645048553
24,5,francisco,0.028547580399221947
24,6,san,0.028148077300135937
24,7,ubers,0.02532806345766007
24,8,selfdriving,0.02415465925609731
24,9,testing,0.021238517145451698
24,10,cars,0.019699614794969983
25,1,pittsburgh,0.050843440157891946
25,2,uber,0.030811902891764296
25,3,peduto,0.028064654125080055
25,4,ubers,0.02168680651042359
25,5,city,0.0180899115780665
25,6,selfdriving,0.015520336573344487
25,7,cars,0.014402915685142813
25,8,car,0.014216300923460058
25,9,pittsburghs,0.012996160846433196
25,10,carnegie,0.010447747790026992
26,1,trump,0.02222010197848766
26,2,house,0.020771458204283198
26,3,senate,0.017334579184145934
26,4,committee,0.017108371051433226
26,5,read,0.01648759418159374
26,6,lawmakers,0.016138314832163346
26,7,facebook,0.01577448689558048
26,8,hill,0.01434643083343974
26,9,fcc,0.01361724449561256
26,10,democrats,0.012759169920098005
27,1,trucks,0.04848945115478023
27,2,truck,0.04146870526658897
27,3,trucking,0.03251171111233087
27,4,drivers,0.02483300771296038
27,5,embark,0.020511474729936252
27,6,jobs,0.01926507854347892
27,7,truckers,0.017075966228555797
27,8,driver,0.013047793373503489
27,9,freight,0.012500288195373318
27,10,starsky,0.01245173588957423
28,1,nyt,0.022931117608310635
28,2,mr,0.018558696649314695
28,3,percent,0.013251938160660389
28,4,wsj,0.012955543559367734
28,5,bloomberg,0.011155433986716761
28,6,trump,0.010489606770995002
28,7,bank,0.010376020395528755
28,8,banks,0.010132701666914271
28,9,ft,0.009876026258659888
28,10,billion,0.009559790910018875
29,1,baidu,0.11325583544770344
29,2,apollo,0.060310653582204665
29,3,baidus,0.04007239867170855
29,4,chinese,0.02745722600061626
29,5,platform,0.024120717241523718
29,6,beijing,0.023583561308735276
29,7,autonomous,0.02351064346238197
29,8,china,0.021353830168256635
29,9,driving,0.019897313674267416
29,10,li,0.019752239004369034
30,1,hyundai,0.06503820656863334
30,2,yandex,0.05533753969394969
30,3,samsung,0.035774682887052336
30,4,south,0.026862248087165887
30,5,aptiv,0.02248069206394318
30,6,korean,0.018395847583111264
30,7,autonomous,0.016696372557475348
30,8,selfdriving,0.01599657797689278
30,9,moscow,0.015736310067726952
30,10,korea,0.015579802429755533
31,1,uk,0.027221581489599116
31,2,london,0.02640541670070885
31,3,bus,0.024645937345385033
31,4,trials,0.023733118112048427
31,5,driverless,0.021954351363316662
31,6,transport,0.017962119432836154
31,7,autonomous,0.0168356230183496
31,8,vehicles,0.01674780325507526
31,9,public,0.01626645635209292
31,10,buses,0.01572152605646889
32,1,ai,0.05054804289553661
32,2,learning,0.02360052252674572
32,3,intelligence,0.018479107865198227
32,4,artificial,0.014434589017868532
32,5,data,0.013775316310442402
32,6,machine,0.013500586114277353
32,7,computer,0.012029809334062362
32,8,human,0.01182209978237032
32,9,researchers,0.011669009056282969
32,10,neural,0.01127869078924767
33,1,otto,0.05030729076173179
33,2,trucks,0.046310648965123186
33,3,freight,0.04538274979052637
33,4,truck,0.043020716470393024
33,5,trucking,0.04096762134798444
33,6,uber,0.033047831329164896
33,7,ron,0.023806624536213458
33,8,selfdriving,0.021004150966591858
33,9,convoy,0.01752768460567289
33,10,ottos,0.017363080116809305
34,1,flying,0.04444311474421869
34,2,aircraft,0.02215583412116645
34,3,air,0.019855181251102135
34,4,flight,0.01966804955210101
34,5,dubai,0.016725713483083382
34,6,kitty,0.01493153399727577
34,7,travel,0.014541099205145538
34,8,drones,0.014173101779317573
34,9,fly,0.014168282202393825
34,10,drone,0.014070099327936335
35,1,jobs,0.022468431455272254
35,2,people,0.01222757626959209
35,3,workers,0.011922816493317782
35,4,robots,0.011681594246968798
35,5,think,0.010927740018135384
35,6,automation,0.009806884873796889
35,7,work,0.009542617741475662
35,8,like,0.009490953519414383
35,9,really,0.009319543159404801
35,10,things,0.009236191696883785
36,1,alphabet,0.041381857432077306
36,2,google,0.039284707983453605
36,3,revenue,0.026919053296832463
36,4,growth,0.021835094870827198
36,5,bets,0.021531164605591128
36,6,page,0.021030783269294636
36,7,alphabets,0.019761708137203227
36,8,pichai,0.01922775670364076
36,9,youtube,0.018266396535083905
36,10,googles,0.018058568973217188
37,1,think,0.029374226605289225
37,2,yeah,0.021372795361688627
37,3,know,0.020484802584080402
37,4,right,0.02046215475288377
37,5,going,0.01923641426306355
37,6,dont,0.018473748367286696
37,7,people,0.01753345221811578
37,8,just,0.016196562230605397
37,9,thats,0.01589123616226914
37,10,buffett,0.015762504848315158
38,1,bus,0.049549624547878215
38,2,google,0.04107581673101818
38,3,googles,0.03714984972380224
38,4,car,0.028096314348809787
38,5,cars,0.020526233285234875
38,6,accident,0.019291403284484525
38,7,lane,0.017712450257637753
38,8,patent,0.01694730834122271
38,9,selfdriving,0.016437836327087223
38,10,human,0.01558087522496068
39,1,ford,0.07866449650267608
39,2,hackett,0.043448267970548404
39,3,fords,0.04259141291834747
39,4,fields,0.035196002631741344
39,5,mr,0.014219284292200608
39,6,jim,0.013730507354584219
39,7,mobility,0.012933620669769448
39,8,company,0.012606670465398772
39,9,business,0.012311266862704312
39,10,percent,0.011952864147845618
40,1,singapore,0.10261360162997699
40,2,nutonomy,0.08141387176628974
40,3,grab,0.04188700351284102
40,4,singapores,0.024263319190188815
40,5,nutonomys,0.020360533907045716
40,6,selfdriving,0.01842105466191825
40,7,trial,0.016091995959501403
40,8,iagnemma,0.016061813274342557
40,9,test,0.015573338580269132
40,10,cars,0.015407715953167207
41,1,gm,0.07805841706704193
41,2,barra,0.03593349991713149
41,3,gms,0.03289960805635423
41,4,electric,0.02235946282191102
41,5,plant,0.02196752741740206
41,6,plants,0.016746705742416414
41,7,said,0.015143020695552376
41,8,motors,0.013314405292505603
41,9,lordstown,0.012862434797213426
41,10,workers,0.0127701510697004
42,1,ntsb,0.05410903715513535
42,2,crash,0.04980286956276265
42,3,safety,0.042397321154043974
42,4,herzberg,0.031214274555393263
42,5,uber,0.02879842851707326
42,6,vehicle,0.02557543545887963
42,7,report,0.02169847995533236
42,8,operator,0.02160172070094842
42,9,march,0.021097897243150723
42,10,arizona,0.02058619196007429
43,1,jacobs,0.09393515906829979
43,2,letter,0.06400119756774865
43,3,uber,0.04301893789090299
43,4,ubers,0.027050261772670715
43,5,padilla,0.023236037522665478
43,6,secrets,0.02099739288444059
43,7,judge,0.020551873517415133
43,8,waymo,0.020339551482941854
43,9,court,0.02033370242988419
43,10,alsup,0.01935734708830377
44,1,china,0.045082909862475616
44,2,chinese,0.04140381160972311
44,3,chinas,0.024542395146444726
44,4,beijing,0.017596225047785144
44,5,baidu,0.01646099746784595
44,6,cars,0.012829667538457785
44,7,momenta,0.0119821792700071
44,8,autonomous,0.011940298598697401
44,9,tencent,0.011525833295625931
44,10,huawei,0.01119585083996842
45,1,chao,0.04011519238014736
45,2,transportation,0.02665734617930399
45,3,secretary,0.024757574605563486
45,4,strickland,0.024219715374514967
45,5,coalition,0.019974952305274688
45,6,nhtsa,0.019336799284174287
45,7,safety,0.01862706038787756
45,8,federal,0.016774980498586226
45,9,trump,0.01613144781646602
45,10,selfdriving,0.01495851521244663
46,1,million,0.014180823413757685
46,2,startups,0.012706209579157125
46,3,startup,0.012107917402142357
46,4,rank,0.011790106404029893
46,5,raised,0.011421458883623684
46,6,company,0.010590779629604054
46,7,billion,0.009776049852954242
46,8,linkedin,0.009281992247058538
46,9,mobile,0.008836312467846394
46,10,companies,0.008754271308711068
47,1,aurora,0.1073570824751544
47,2,urmson,0.057291408359588666
47,3,auroras,0.03662257270993987
47,4,hyundai,0.020296841025913042
47,5,volkswagen,0.018829376787179615
47,6,amazon,0.018672779645804535
47,7,anderson,0.018336374136719655
47,8,selfdriving,0.01742981936769893
47,9,vw,0.016170945652786584
47,10,sterling,0.015819164941275412
48,1,ces,0.0456017334433738
48,2,vr,0.01937224862516683
48,3,devices,0.019305683796784334
48,4,year,0.018329826734068518
48,5,smart,0.016711727393372084
48,6,home,0.013814496595740761
48,7,new,0.013739887492643287
48,8,products,0.013697643972418143
48,9,google,0.013628300334291075
48,10,android,0.013569727754842784
49,1,tusimple,0.10556222655457084
49,2,ups,0.0912932683553449
49,3,trucks,0.039033251127394274
49,4,usps,0.02637102947132339
49,5,mail,0.02344335232268957
49,6,truck,0.02288988788274533
49,7,postal,0.02253440073461152
49,8,delivery,0.021087447073644256
49,9,tusimples,0.018718235148154166
49,10,packages,0.017946540375119054
50,1,shuttle,0.06480725986386117
50,2,vegas,0.059168947905571256
50,3,las,0.055279966091359774
50,4,aptiv,0.036721508878376365
50,5,easymile,0.035800694681574
50,6,lyft,0.03176269009489412
50,7,shuttles,0.02771034813444641
50,8,rides,0.02606811074460977
50,9,keolis,0.018954780090715932
50,10,ride,0.018869927378560917
51,1,udacity,0.09361240896422762
51,2,thrun,0.07640640674527462
51,3,nanodegree,0.052853011904568176
51,4,students,0.04530640144492439
51,5,udacitys,0.036583096144627354
51,6,program,0.03189348633751182
51,7,education,0.026585058509241883
51,8,sebastian,0.02356780457847839
51,9,online,0.02053286052037911
51,10,courses,0.020045414192172775
52,1,california,0.05365033758456626
52,2,dmv,0.03357631887750932
52,3,regulations,0.0286790274606491
52,4,vehicles,0.027540046751457797
52,5,testing,0.027014641308166897
52,6,state,0.027010861654609825
52,7,rules,0.024448361233891738
52,8,proposed,0.021528965032844922
52,9,autonomous,0.021043425040269324
52,10,public,0.02070810885794869
53,1,electric,0.040746397977855286
53,2,oil,0.03648121176056925
53,3,charging,0.03434334975383342
53,4,evs,0.02015303419380684
53,5,vehicles,0.017042945545329348
53,6,demand,0.0162581816214086
53,7,hydrogen,0.015540836304133328
53,8,fuel,0.014875812236040618
53,9,energy,0.01479614005824989
53,10,cars,0.01432508492744022
54,1,optimus,0.04376908809622564
54,2,michigan,0.02765904794054582
54,3,yard,0.026235751637618796
54,4,mcity,0.023212523423083824
54,5,ride,0.020980883098140647
54,6,navy,0.020966441040832156
54,7,testing,0.01779863449802977
54,8,university,0.017733401267570413
54,9,autonomous,0.017117726327634926
54,10,vehicles,0.016256799909739144
55,1,percent,0.05330863894886023
55,2,survey,0.03642649544218887
55,3,poll,0.03268440966626347
55,4,americans,0.027488455372379324
55,5,respondents,0.023544062486204678
55,6,cars,0.019373041309824274
55,7,selfdriving,0.01821097585603909
55,8,said,0.018095210685313633
55,9,people,0.01759038420202967
55,10,driverless,0.016022520450280416
56,1,cramer,0.08345147659681118
56,2,nvidia,0.03548158806646784
56,3,intel,0.032514256861350975
56,4,mad,0.02926316814612386
56,5,nvidias,0.02380201209577959
56,6,cramers,0.023308365930969265
56,7,stock,0.023140339170784285
56,8,earnings,0.019810421512477628
56,9,chips,0.018797130974219582
56,10,money,0.01755940018772718
57,1,moral,0.053609689547535026
57,2,trolley,0.039915023112353454
57,3,ethical,0.027086562608715323
57,4,decisions,0.025370562887791423
57,5,people,0.022117703430571307
57,6,problem,0.021428123893808798
57,7,ethics,0.021256453641669767
57,8,study,0.01770452779338761
57,9,kill,0.017282317358627095
57,10,programmed,0.016365883694866797
58,1,maps,0.07686905611369774
58,2,mapping,0.034487815679999034
58,3,map,0.03167990972434171
58,4,data,0.02794248452262638
58,5,navigation,0.020006864748516325
58,6,gps,0.019261345013526887
58,7,google,0.015697210999136898
58,8,road,0.013017469478177309
58,9,apple,0.012780502993283913
58,10,cars,0.012555152271208707
59,1,crunch,0.02061096899536242
59,2,apple,0.014505313639518791
59,3,daily,0.014281216014534321
59,4,week,0.014060423318043243
59,5,inbox,0.012755155112834175
59,6,stories,0.012697322981441335
59,7,app,0.012608788427479933
59,8,roundup,0.012128602626357982
59,9,new,0.012031865939454154
59,10,company,0.011624474603597756
60,1,didi,0.13163839026563784
60,2,chuxing,0.0367978395143408
60,3,didis,0.03279297792649539
60,4,china,0.02994966392672065
60,5,chinese,0.024891313234925373
60,6,company,0.01760667899761685
60,7,shanghai,0.015814150531516847
60,8,ridehailing,0.014999036022730157
60,9,liu,0.014676449896727003
60,10,uber,0.0140495879199488
61,1,uber,0.03436100442699455
61,2,atg,0.027220152997866967
61,3,ubers,0.027016898215447904
61,4,toronto,0.023446922043575822
61,5,urtasun,0.019975174849359997
61,6,selfdriving,0.019446688405518775
61,7,pittsburgh,0.016560073208791642
61,8,company,0.014106394163361163
61,9,kalanick,0.013591540742238003
61,10,autonomous,0.013568279895286382
62,1,boundless,0.16195479574667776
62,2,aired,0.13270848236286184
62,3,hilltvs,0.1179706351425834
62,4,5g,0.09881959514564831
62,5,hilltv,0.07207378650410506
62,6,interview,0.06631407419585111
62,7,smart,0.06232759852276364
62,8,episode,0.0611580925810409
62,9,monday,0.05170178459505563
62,10,technology,0.04430479787168394
63,1,miles,0.07672702742525465
63,2,disengagements,0.07011017246303096
63,3,disengagement,0.06355996090403576
63,4,california,0.03352836267120045
63,5,testing,0.029666387879257624
63,6,reports,0.026810859652523663
63,7,roads,0.022100734693860702
63,8,drove,0.021387221677951845
63,9,waymo,0.020706117739481562
63,10,cruise,0.020554034932917416
64,1,volvo,0.06527813578981807
64,2,uber,0.038472968173009665
64,3,xc90,0.034664264041472444
64,4,selfdriving,0.02394990792364365
64,5,ubers,0.023340753625152467
64,6,cars,0.021375048776139653
64,7,volvos,0.020652027132031226
64,8,meyhofer,0.020052277777714407
64,9,autonomous,0.019982675756755653
64,10,fleet,0.017632874098214672
65,1,softbank,0.06868367023012593
65,2,billion,0.05272645294401665
65,3,son,0.04828238501049466
65,4,investments,0.03707190674140306
65,5,investment,0.032816113264642705
65,6,total,0.02865307192025932
65,7,fund,0.026605086741673445
65,8,million,0.026232584706471093
65,9,vision,0.023720947200662323
65,10,pitchbook,0.023605530587025733
66,1,volvo,0.08776294996149318
66,2,360c,0.0327289130207995
66,3,volvos,0.0275949321467892
66,4,samuelsson,0.02007653652701533
66,5,autonomous,0.019165097597914096
66,6,swedish,0.018400662214275394
66,7,driving,0.018031044564779886
66,8,gothenburg,0.018005175406147312
66,9,cars,0.017808004244768586
66,10,xc90,0.017718272403818465
67,1,cruise,0.07225783848941479
67,2,gm,0.055118793294574815
67,3,softbank,0.04661963603728353
67,4,honda,0.04307111432048741
67,5,investment,0.040108790700883336
67,6,billion,0.03645884508050297
67,7,fund,0.024309429108869185
67,8,cfius,0.020704555085838704
67,9,225,0.020169366148051295
67,10,ammann,0.018483900688668096
68,1,ponyai,0.055432755575094805
68,2,autox,0.048092181547501896
68,3,fca,0.0408128705191036
68,4,peng,0.03163886703367352
68,5,chrysler,0.023058365147642652
68,6,fiat,0.02078968500051121
68,7,china,0.020546119529218154
68,8,autonomous,0.019524090891215415
68,9,robotaxi,0.017469413966042818
68,10,california,0.016387552311713342
69,1,farhad,0.06954511828388575
69,2,mike,0.05696933974811969
69,3,news,0.020745386859022524
69,4,week,0.02024095094057804
69,5,tech,0.01991656521905785
69,6,im,0.018018614889497415
69,7,facebook,0.01753847157227682
69,8,twitter,0.014770644776666996
69,9,manjoo,0.014528061798978455
69,10,maybe,0.012912115646127126
70,1,fiat,0.05774727326589264
70,2,renault,0.04871326150254555
70,3,chrysler,0.04842726281127125
70,4,merger,0.03607181951166648
70,5,psa,0.03163912993603334
70,6,nissan,0.029011459380423082
70,7,alliance,0.02814839638662676
70,8,manley,0.026217597058298715
70,9,fca,0.024332096494420776
70,10,ghosn,0.02356893937214739
71,1,trump,0.04233439000653405
71,2,house,0.02402318391643576
71,3,senate,0.017321216257516307
71,4,president,0.014862731086205496
71,5,democrats,0.014859272405570691
71,6,tax,0.014729810210365624
71,7,committee,0.013790455658046754
71,8,trumps,0.013440271756336518
71,9,hills,0.013111320232901732
71,10,federal,0.012770909159672945
72,1,roborace,0.12987169493977763
72,2,formula,0.07672255282934715
72,3,racing,0.05290525782555382
72,4,robocar,0.04515673139389209
72,5,race,0.041432091975308
72,6,series,0.040978592238279946
72,7,devbot,0.0383060359108506
72,8,track,0.03358337109774989
72,9,roboraces,0.025364515880830083
72,10,simon,0.024383313357214765
73,1,recode,0.07029945932261346
73,2,kafka,0.02142170204568515
73,3,wagner,0.01710189108514365
73,4,facebook,0.016744099447621705
73,5,recodenet,0.0163112572422054
73,6,kurt,0.01596898411565589
73,7,peter,0.015606105286735472
73,8,new,0.015002440040622449
73,9,article,0.014905221382288569
73,10,originally,0.014722903641988139
